{
    "perceive": {
        "tictactoe": [
            {
                "raw": "Game State: [[-1, 1, 1], [-1, 0, 0], [-1, 0, 1]]\n<tool_call>\n{\"name\": \"serp\", \"arguments\": {\"action\": \"terminate\", \"status\": \"success\"}}\n</tool_call>"
            },
            {
                "raw": "Game State: [[0, 0, 0], [0, 0, 1], [1, 1, 0]]\n<tool_call>\n{\"name\": \"serp\", \"arguments\": {\"action\": \"terminate\", \"status\": \"success\"}}\n</tool_call>"
            },
            {
                "raw": "Game State: [[-1, 1, 0], [0, -1, 1], [0, 0, 1]]\n<tool_call>\n{\"name\": \"serp\", \"arguments\": {\"action\": \"terminate\", \"status\": \"success\"}}\n</tool_call>"
            },
            {
                "raw": "Game State: [[1, 0, 0], [0, -1, 1], [0, 1, -1]]\n<tool_call>\n{\"name\": \"serp\", \"arguments\": {\"action\": \"terminate\", \"status\": \"success\"}}\n</tool_call>"
            },
            {
                "raw": "Game State: [[-1, 0, -1], [-1, 1, 1], [-1, 0, 0]]\n<tool_call>\n{\"name\": \"serp\", \"arguments\": {\"action\": \"terminate\", \"status\": \"success\"}}\n</tool_call>"
            },
            {
                "raw": "Game State: [[-1, 1, 0], [1, -1, 0], [0, 0, 1]]\n<tool_call>\n{\"name\": \"serp\", \"arguments\": {\"action\": \"terminate\", \"status\": \"success\"}}\n</tool_call>"
            },
            {
                "raw": "Game State: [[1, 0, 1], [1, 0, 0], [0, 1, 0]]\n<tool_call>\n"
            },
            {
                "raw": "Game State: [[0, 0, 0], [1, 0, 0], [0, 1, 1]]\n<tool_call>\n{\"name\": \"serp\", \"arguments\": {\"action\": \"terminate\", \"status\": \"success\"}}\n</tool_call>"
            },
            {
                "raw": "Game State: [[-1, 1, -1], [0, -1, 1], [-1, 0, 1]]\n<tool_call>\n{\"name\": \"serp\", \"arguments\": {\"action\": \"terminate\", \"status\": \"success\"}}\n</tool_call>"
            },
            {
                "raw": "Game State: [[1, 1, -1], [-1, 1, -1], [-1, 0, 0]]\n<tool_call>\n{\"name\": \"serp\", \"arguments\": {\"action\": \"terminate\", \"status\": \"success\"}}\n</tool_call>"
            },
            {
                "raw": "Game State: [[1, 0, 0], [1, 1, 0], [0, 0, 1]]\n<tool_call>\n{\"name\": \"serp\", \"arguments\": {\"action\": \"terminate\", \"status\": \"success\"}}\n</tool_call>"
            },
            {
                "raw": "Game State: [[-1, -1, -1], [-1, 0, -1], [-1, 1, 0]]\n<tool_call>\n{\"name\": \"serp\", \"arguments\": {\"action\": \"terminate\", \"status\": \"success\"}}\n</tool_call>"
            },
            {
                "raw": "Game State: [[0, 0, 1], [1, 0, 0], [0, 1, 0]]\n<tool_call>\n{\"name\": \"serp\", \"arguments\": {\"action\": \"terminate\", \"status\": \"success\"}}\n</tool_call>"
            },
            {
                "raw": "Game State: [[-1, 1, -1], [-1, 0, 1], [0, -1, 0]]\n<tool_call>\n{\"name\": \"serp\", \"arguments\": {\"action\": \"terminate\", \"status\": \"success\"}}\n</tool_call>"
            },
            {
                "raw": "Game State: [[-1, 1, 1], [-1, 0, -1], [-1, 1, 0]]\n<tool_call>\n{\"name\": \"serp\", \"arguments\": {\"action\": \"terminate\", \"status\": \"success\"}}\n</tool_call>"
            },
            {
                "raw": "Game State: [[1, 1, 1], [0, 0, 0], [0, 0, 0]]\n<tool_call>\n{\"name\": \"serp\", \"arguments\": {\"action\": \"terminate\", \"status\": \"success\"}}\n</tool_call>"
            },
            {
                "raw": "Game State: [[0, -1, 1], [-1, -1, 0], [-1, 1, 0]]\n<tool_call>\n{\"name\": \"serp\", \"arguments\": {\"action\": \"terminate\", \"status\": \"success\"}}\n</tool_call>"
            },
            {
                "raw": "Game State: [[-1, 0, -1], [1, -1, 0], [0, 1, 0]]\n<tool_call>\n{\"name\": \"serp\", \"arguments\": {\"action\": \"terminate\", \"status\": \"success\"}}\n</tool_call>"
            },
            {
                "raw": "Game State: [[1, 0, 0], [0, 1, 0], [0, 1, 0]]\n<tool_call>\n{\"name\": \"serp\", \"arguments\": {\"action\": \"terminate\", \"status\": \"success\"}}\n</tool_call>"
            },
            {
                "raw": "Game State: [[-1, 0, 1], [0, -1, -1], [1, -1, 0]]\n<tool_call>\n{\"name\": \"serp\", \"arguments\": {\"action\": \"terminate\", \"status\": \"success\"}}\n</tool_call>"
            },
            {
                "raw": "Game State: [[-1, 0, 0], [1, 1, 1], [-1, 0, 0]]\n<tool_call>\n{\"name\": \"serp\", \"arguments\": {\"action\": \"terminate\", \"status\": \"success\"}}\n</tool_call>"
            },
            {
                "raw": "Game State: [[0, -1, 1], [-1, 1, -1], [0, 1, 0]]\n<tool_call>\n{\"name\": \"serp\", \"arguments\": {\"action\": \"terminate\", \"status\": \"success\"}}\n</tool_call>"
            },
            {
                "raw": "Game State: [[0, 0, 1], [1, 0, 0], [0, 1, 1]]\n<tool_call>\n{\"name\": \"serp\", \"arguments\": {\"action\": \"terminate\", \"status\": \"success\"}}\n</tool_call>"
            },
            {
                "raw": "Game State: [[-1, 0, -1], [0, 1, 0], [-1, 1, -1]]\n<tool_call>\n{\"name\": \"serp\", \"arguments\": {\"action\": \"terminate\", \"status\": \"success\"}}\n</tool_call>"
            },
            {
                "raw": "Game State: [[1, 1, -1], [-1, 1, 0], [-1, 0, 0]]\n<tool_call>\n{\"name\": \"serp\", \"arguments\": {\"action\": \"terminate\", \"status\": \"success\"}}\n</tool_call>"
            },
            {
                "raw": "Game State: [[0, -1, -1], [-1, 1, -1], [-1, -1, 0]]\n<tool_call>\n{\"name\": \"serp\", \"arguments\": {\"action\": \"terminate\", \"status\": \"success\"}}\n</tool_call>"
            },
            {
                "raw": "Game State: [[0, -1, 0], [-1, -1, -1], [-1, -1, -1]]\n<tool_call>\n{\"name\": \"serp\", \"arguments\": {\"action\": \"terminate\", \"status\": \"success\"}}\n</tool_call>"
            },
            {
                "raw": "Game State: [[-1, 1, -1], [-1, 0, 1], [1, 0, 0]]\n<tool_call>\n{\"name\": \"serp\", \"arguments\": {\"action\": \"terminate\", \"status\": \"success\"}}\n</tool_call>"
            },
            {
                "raw": "Game State: [[0, -1, 1], [-1, 0, -1], [1, 0, 1]]\n<tool_call>\n{\"name\": \"serp\", \"arguments\": {\"action\": \"terminate\", \"status\": \"success\"}}\n</tool_call>"
            },
            {
                "raw": "Game State: [[-1, 0, 1], [0, 0, 0], [-1, 1, -1]]\n<tool_call>\n{\"name\": \"serp\", \"arguments\": {\"action\": \"terminate\", \"status\": \"success\"}}\n</tool_call>"
            },
            {
                "raw": "Game State: [[0, -1, -1], [-1, 1, 1], [-1, 0, 1]]\n<tool_call>\n{\"name\": \"serp\", \"arguments\": {\"action\": \"terminate\", \"status\": \"success\"}}\n</tool_call>"
            },
            {
                "raw": "Game State: [[1, 0, 1], [0, 0, -1], [-1, 1, 0]]\n<tool_call>\n"
            },
            {
                "raw": "Game State: [[0, 0, 0], [1, 1, 0], [0, 1, 1]]\n<tool_call>\n{\"name\": \"serp\", \"arguments\": {\"action\": \"terminate\", \"status\": \"success\"}}\n</tool_call>"
            },
            {
                "raw": "Game State: [[1, -1, 1], [-1, 1, 0], [0, 0, 0]]\n<tool_call>\n{\"name\": \"serp\", \"arguments\": {\"action\": \"terminate\", \"status\": \"success\"}}\n</tool_call>"
            },
            {
                "raw": "Game State: [[-1, 0, -1], [0, 1, 1], [-1, 1, 0]]\n<tool_call>\n{\"name\": \"serp\", \"arguments\": {\"action\": \"terminate\", \"status\": \"success\"}}\n</tool_call>"
            },
            {
                "raw": "Game State: [[1, -1, -1], [-1, 0, -1], [-1, -1, 1]]\n<tool_call>\n{\"name\": \"serp\", \"arguments\": {\"action\": \"terminate\", \"status\": \"success\"}}\n</tool_call>"
            },
            {
                "raw": "Game State: [[-1, -1, 1], [0, 1, -1], [-1, 0, 0]]\n<tool_call>\n{\"name\": \"serp\", \"arguments\": {\"action\": \"terminate\", \"status\": \"success\"}}\n</tool_call>"
            },
            {
                "raw": "Game State: [[0, -1, 0], [-1, -1, -1], [-1, 0, -1]]\n<tool_call>\n{\"name\": \"serp\", \"arguments\": {\"action\": \"terminate\", \"status\": \"success\"}}\n</tool_call>"
            },
            {
                "raw": "Game State: [[-1, -1, -1], [0, 1, -1], [-1, 1, 0]]\n<tool_call>\n{\"name\": \"serp\", \"arguments\": {\"action\": \"terminate\", \"status\": \"success\"}}\n</tool_call>"
            },
            {
                "raw": "Game State: [[-1, 0, 1], [1, 1, 0], [0, 0, -1]]\n<tool_call>\n{\"name\": \"serp\", \"arguments\": {\"action\": \"terminate\", \"status\": \"success\"}}\n</tool_call>"
            },
            {
                "raw": "Game State: [[1, -1, 0], [-1, 0, 0], [1, 1, 0]]\n<tool_call>\n{\"name\": \"serp\", \"arguments\": {\"action\": \"terminate\", \"status\": \"success\"}}\n</tool_call>"
            },
            {
                "raw": "Game State: [[1, -1, -1], [-1, 0, -1], [-1, 1, 0]]\n<tool_call>\n{\"name\": \"serp\", \"arguments\": {\"action\": \"terminate\", \"status\": \"success\"}}\n</tool_call>"
            },
            {
                "raw": "Game State: [[1, -1, 1], [-1, 0, -1], [-1, 0, 0]]\n<tool_call>\n{\"name\": \"serp\", \"arguments\": {\"action\": \"terminate\", \"status\": \"success\"}}\n</tool_call>"
            },
            {
                "raw": "Game State: [[-1, 1, -1], [0, -1, 1], [-1, 0, 1]]\n<tool_call>\n{\"name\": \"serp\", \"arguments\": {\"action\": \"terminate\", \"status\": \"success\"}}\n</tool_call>"
            },
            {
                "raw": "Game State: [[-1, 0, -1], [1, 1, 0], [0, -1, 1]]\n<tool_call>\n{\"name\": \"serp\", \"arguments\": {\"action\": \"terminate\", \"status\": \"success\"}}\n</tool_call>"
            },
            {
                "raw": "Game State: [[0, -1, 1], [-1, 0, -1], [0, 1, 1]]\n<tool_call>\n{\"name\": \"serp\", \"arguments\": {\"action\": \"terminate\", \"status\": \"success\"}}\n</tool_call>"
            },
            {
                "raw": "Game State: [[1, -1, 0], [0, -1, 1], [0, 1, 1]]\n<tool_call>\n{\"name\": \"serp\", \"arguments\": {\"action\": \"terminate\", \"status\": \"success\"}}\n</tool_call>"
            },
            {
                "raw": "Game State: [[-1, 0, 1], [-1, 0, -1], [0, -1, 0]]\n<tool_call>\n{\"name\": \"serp\", \"arguments\": {\"action\": \"terminate\", \"status\": \"success\"}}\n</tool_call>"
            },
            {
                "raw": "Game State: [[0, 0, 0], [0, 1, 1], [0, 1, 1]]\n<tool_call>\n{\"name\": \"serp\", \"arguments\": {\"action\": \"terminate\", \"status\": \"success\"}}\n</tool_call>"
            },
            {
                "raw": "Game State: [[-1, 1, 1], [-1, 0, 0], [-1, 1, 0]]\n<tool_call>\n{\"name\": \"serp\", \"arguments\": {\"action\": \"terminate\", \"status\": \"success\"}}\n</tool_call>"
            },
            {
                "raw": "Game State: [[-1, 1, -1], [-1, 0, 0], [-1, 1, 0]]\n<tool_call>\n{\"name\": \"serp\", \"arguments\": {\"action\": \"terminate\", \"status\": \"success\"}}\n</tool_call>"
            },
            {
                "raw": "Game State: [[0, -1, 1], [-1, 1, -1], [0, 1, 0]]\n<tool_call>\n{\"name\": \"serp\", \"arguments\": {\"action\": \"terminate\", \"status\": \"success\"}}\n</tool_call>"
            },
            {
                "raw": "Game State: [[-1, 1, 0], [0, -1, -1], [1, 0, -1]]\n<tool_call>\n{\"name\": \"serp\", \"arguments\": {\"action\": \"terminate\", \"status\": \"success\"}}\n</tool_call>"
            },
            {
                "raw": "Game State: [[0, -1, 0], [-1, -1, -1], [-1, -1, -1]]\n<tool_call>\n{\"name\": \"serp\", \"arguments\": {\"action\": \"terminate\", \"status\": \"success\"}}\n</tool_call>"
            },
            {
                "raw": "Game State: [[1, -1, -1], [-1, -1, 0], [-1, 0, 1]]\n<tool_call>\n{\"name\": \"serp\", \"arguments\": {\"action\": \"terminate\", \"status\": \"success\"}}\n</tool_call>"
            },
            {
                "raw": "Game State: [[0, 0, 0], [0, 0, 1], [1, 1, 1]]\n<tool_call>\n{\"name\": \"serp\", \"arguments\": {\"action\": \"terminate\", \"status\": \"success\"}}\n</tool_call>"
            },
            {
                "raw": "Game State: [[0, -1, 1], [-1, 1, 1], [-1, 0, 0]]\n<tool_call>\n"
            },
            {
                "raw": "Game State: [[-1, 0, -1], [1, 0, 1], [0, 1, -1]]\n<tool_call>\n{\"name\": \"serp\", \"arguments\": {\"action\": \"terminate\", \"status\": \"success\"}}\n</tool_call>"
            },
            {
                "raw": "Game State: [[1, 0, 0], [0, 0, 1], [0, 1, 1]]\n<tool_call>\n{\"name\": \"serp\", \"arguments\": {\"action\": \"terminate\", \"status\": \"success\"}}\n</tool_call>"
            },
            {
                "raw": "Game State: [[-1, -1, 1], [0, 1, -1], [-1, 0, 0]]\n<tool_call>\n{\"name\": \"serp\", \"arguments\": {\"action\": \"terminate\", \"status\": \"success\"}}\n</tool_call>"
            },
            {
                "raw": "Game State: [[1, 1, 0], [0, 0, 1], [1, 0, 0]]\n<tool_call>\n{\"name\": \"serp\", \"arguments\": {\"action\": \"terminate\", \"status\": \"success\"}}\n</tool_call>"
            },
            {
                "raw": "Game State: [[0, -1, 1], [-1, 0, -1], [-1, 1, -1]]\n<tool_call>\n{\"name\": \"serp\", \"arguments\": {\"action\": \"terminate\", \"status\": \"success\"}}\n</tool_call>"
            },
            {
                "raw": "Game State: [[-1, 1, 0], [-1, -1, -1], [-1, 0, 1]]\n<tool_call>\n{\"name\": \"serp\", \"arguments\": {\"action\": \"terminate\", \"status\": \"success\"}}\n</tool_call>"
            },
            {
                "raw": "Game State: [[1, 1, -1], [0, 0, 0], [-1, 1, 0]]\n<tool_call>\n{\"name\": \"serp\", \"arguments\": {\"action\": \"terminate\", \"status\": \"success\"}}\n</tool_call>"
            },
            {
                "raw": "Game State: [[1, 1, 1], [0, 0, 0], [0, 0, 0]]\n<tool_call>\n{\"name\": \"serp\", \"arguments\": {\"action\": \"terminate\", \"status\": \"success\"}}\n</tool_call>"
            },
            {
                "raw": "Game State: [[0, -1, 0], [-1, 1, -1], [0, -1, 1]]\n<tool_call>\n{\"name\": \"serp\", \"arguments\": {\"action\": \"terminate\", \"status\": \"success\"}}\n</tool_call>"
            },
            {
                "raw": "Game State: [[-1, 0, -1], [1, 1, 1], [0, -1, -1]]\n<tool_call>\n{\"name\": \"serp\", \"arguments\": {\"action\": \"terminate\", \"status\": \"success\"}}\n</tool_call>"
            },
            {
                "raw": "Game State: [[0, 0, 1], [0, 0, 0], [-1, 1, -1]]\n<tool_call>\n{\"name\": \"serp\", \"arguments\": {\"action\": \"terminate\", \"status\": \"success\"}}\n</tool_call>"
            },
            {
                "raw": "Game State: [[0, 0, 1], [1, -1, -1], [-1, 0, -1]]\n<tool_call>\n{\"name\": \"serp\", \"arguments\": {\"action\": \"terminate\", \"status\": \"success\"}}\n</tool_call>"
            },
            {
                "raw": "Game State: [[-1, 1, 1], [-1, 0, -1], [-1, 0, 1]]\n<tool_call>\n{\"name\": \"serp\", \"arguments\": {\"action\": \"terminate\", \"status\": \"success\"}}\n</tool_call>"
            },
            {
                "raw": "Game State: [[0, 0, 1], [1, -1, -1], [0, -1, -1]]\n<tool_call>\n{\"name\": \"serp\", \"arguments\": {\"action\": \"terminate\", \"status\": \"success\"}}\n</tool_call>"
            },
            {
                "raw": "Game State: [[-1, 1, -1], [0, 0, 1], [1, -1, 1]]\n<tool_call>\n{\"name\": \"serp\", \"arguments\": {\"action\": \"terminate\", \"status\": \"success\"}}\n</tool_call>"
            },
            {
                "raw": "Game State: [[1, 1, 0], [1, 0, 0], [0, 0, 1]]\n<tool_call>\n{\"name\": \"serp\", \"arguments\": {\"action\": \"terminate\", \"status\": \"success\"}}\n</tool_call>"
            },
            {
                "raw": "Game State: [[-1, 0, -1], [0, -1, 0], [-1, 1, 1]]\n<tool_call>\n{\"name\": \"serp\", \"arguments\": {\"action\": \"terminate\", \"status\": \"success\"}}\n</tool_call>"
            },
            {
                "raw": "Game State: [[-1, 0, -1], [1, 1, 0], [0, -1, 1]]\n<tool_call>\n{\"name\": \"serp\", \"arguments\": {\"action\": \"terminate\", \"status\": \"success\"}}\n</tool_call>"
            },
            {
                "raw": "Game State: [[1, 0, 0], [0, -1, -1], [0, 0, -1]]\n<tool_call>\n{\"name\": \"serp\", \"arguments\": {\"action\": \"terminate\", \"status\": \"success\"}}\n</tool_call>"
            },
            {
                "raw": "Game State: [[0, -1, -1], [-1, 1, -1], [-1, 0, -1]]\n<tool_call>\n{\"name\": \"serp\", \"arguments\": {\"action\": \"terminate\", \"status\": \"success\"}}\n</tool_call>"
            },
            {
                "raw": "Game State: [[-1, 0, 1], [0, -1, -1], [-1, 1, 0]]\n<tool_call>\n{\"name\": \"serp\", \"arguments\": {\"action\": \"terminate\", \"status\": \"success\"}}\n</tool_call>"
            },
            {
                "raw": "Game State: [[0, -1, -1], [-1, 1, 1], [-1, 0, 0]]\n<tool_call>\n{\"name\": \"serp\", \"arguments\": {\"action\": \"terminate\", \"status\": \"success\"}}\n</tool_call>"
            },
            {
                "raw": "Game State: [[-1, 0, 0], [1, 1, -1], [0, 0, 1]]\n<tool_call>\n{\"name\": \"serp\", \"arguments\": {\"action\": \"terminate\", \"status\": \"success\"}}\n</tool_call>"
            },
            {
                "raw": "Game State: [[0, -1, 1], [-1, 0, 1], [0, -1, 1]]\n<tool_call>\n{\"name\": \"serp\", \"arguments\": {\"action\": \"terminate\", \"status\": \"success\"}}\n</tool_call>"
            },
            {
                "raw": "Game State: [[0, -1, 1], [-1, -1, -1], [-1, 0, 0]]\n<tool_call>\n{\"name\": \"serp\", \"arguments\": {\"action\": \"terminate\", \"status\": \"success\"}}\n</tool_call>"
            },
            {
                "raw": "Game State: [[-1, 0, 0], [0, 1, 0], [0, 1, 1]]\n<tool_call>\n{\"name\": \"serp\", \"arguments\": {\"action\": \"terminate\", \"status\": \"success\"}}\n</tool_call>"
            },
            {
                "raw": "Game State: [[1, -1, 0], [-1, 1, 0], [0, -1, 1]]\n<tool_call>\n{\"name\": \"serp\", \"arguments\": {\"action\": \"terminate\", \"status\": \"success\"}}\n</tool_call>"
            },
            {
                "raw": "Game State: [[-1, 1, -1], [1, 0, -1], [-1, 0, 1]]\n<tool_call>\n{\"name\": \"serp\", \"arguments\": {\"action\": \"terminate\", \"status\": \"success\"}}\n</tool_call>"
            },
            {
                "raw": "Game State: [[1, 1, -1], [-1, 0, -1], [-1, 0, 0]]\n<tool_call>\n{\"name\": \"serp\", \"arguments\": {\"action\": \"terminate\", \"status\": \"success\"}}\n</tool_call>"
            },
            {
                "raw": "Game State: [[0, 0, 0], [1, 1, 0], [0, 1, 0]]\n<tool_call>\n{\"name\": \"serp\", \"arguments\": {\"action\": \"terminate\", \"status\": \"success\"}}\n</tool_call>"
            },
            {
                "raw": "Game State: [[1, 0, 0], [1, 0, 0], [0, 1, 0]]\n<tool_call>\n{\"name\": \"serp\", \"arguments\": {\"action\": \"terminate\", \"status\": \"success\"}}\n</tool_call>"
            },
            {
                "raw": "Game State: [[1, -1, 0], [-1, 1, 0], [0, 0, -1]]\n<tool_call>\n{\"name\": \"serp\", \"arguments\": {\"action\": \"terminate\", \"status\": \"success\"}}\n</tool_call>"
            },
            {
                "raw": "Game State: [[1, 1, 0], [0, -1, -1], [0, 1, 0]]\n<tool_call>\n"
            },
            {
                "raw": "Game State: [[1, 1, -1], [-1, -1, 0], [-1, 0, 0]]\n<tool_call>\n{\"name\": \"serp\", \"arguments\": {\"action\": \"terminate\", \"status\": \"success\"}}\n</tool_call>"
            },
            {
                "raw": "Game State: [[-1, 1, 1], [1, -1, 0], [-1, 0, 0]]\n<tool_call>\n{\"name\": \"serp\", \"arguments\": {\"action\": \"terminate\", \"status\": \"success\"}}\n</tool_call>"
            },
            {
                "raw": "Game State: [[-1, 1, 1], [-1, 1, 0], [-1, 0, 0]]\n<tool_call>\n{\"name\": \"serp\", \"arguments\": {\"action\": \"terminate\", \"status\": \"success\"}}\n</tool_call>"
            },
            {
                "raw": "Game State: [[0, -1, 0], [-1, 1, -1], [-1, 0, 1]]\n<tool_call>\n{\"name\": \"serp\", \"arguments\": {\"action\": \"terminate\", \"status\": \"success\"}}\n</tool_call>"
            },
            {
                "raw": "Game State: [[-1, 1, -1], [1, 0, -1], [-1, 0, 0]]\n<tool_call>\n{\"name\": \"serp\", \"arguments\": {\"action\": \"terminate\", \"status\": \"success\"}}\n</tool_call>"
            },
            {
                "raw": "Game State: [[-1, -1, -1], [1, 1, 0], [0, -1, 0]]\n<tool_call>\n{\"name\": \"serp\", \"arguments\": {\"action\": \"terminate\", \"status\": \"success\"}}\n</tool_call>"
            },
            {
                "raw": "Game State: [[1, 0, 0], [0, 1, 0], [0, 1, 0]]\n<tool_call>\n{\"name\": \"serp\", \"arguments\": {\"action\": \"terminate\", \"status\": \"success\"}}\n</tool_call>"
            },
            {
                "raw": "Game State: [[0, 0, 0], [0, 0, -1], [-1, -1, -1]]\n<tool_call>\n{\"name\": \"serp\", \"arguments\": {\"action\": \"terminate\", \"status\": \"success\"}}\n</tool_call>"
            },
            {
                "raw": "Game State: [[0, -1, 1], [-1, 1, 0], [-1, 1, 0]]\n<tool_call>\n{\"name\": \"serp\", \"arguments\": {\"action\": \"terminate\", \"status\": \"success\"}}\n</tool_call>"
            },
            {
                "raw": "Game State: [[-1, 1, 0], [0, 0, -1], [0, -1, 1]]\n<tool_call>\n{\"name\": \"serp\", \"arguments\": {\"action\": \"terminate\", \"status\": \"success\"}}\n</tool_call>"
            }
        ]
    }
}