{
    "perceive": {
        "tictactoe": [
            {
                "raw": "\n\n```python\ndef solve():\n    board = [\n        [1, -1, -1],\n        [0, 0, -1],\n        [0, 1, -1]\n    ]\n    print(\"Game State:\", board)\n\nsolve()\n```"
            },
            {
                "raw": "\n\nBased on the given screenshot, the current game state is:\nGame State: [[0, 0, -1], [0, 1, 0], [1, 1, -1]]\n"
            },
            {
                "raw": "\n\n```python\ndef solve():\n    board = [\n        [1, 0, 0],\n        [0, 1, 0],\n        [0, 0, 1]\n    ]\n    print(\"Game State:\", board)\n\nsolve()\n```"
            },
            {
                "raw": "\n\nBased on the given screenshot, the current game state is:\nGame State: [[1, 0, 0], [1, 1, 0], [0, 1, 1]]\n"
            },
            {
                "raw": "\n\n```python\ndef solve():\n    board = [\n        [0, -1, -1],\n        [-1, 1, 1],\n        [-1, -1, 0]\n    ]\n    print(\"Game State:\", board)\n\nsolve()\n```"
            },
            {
                "raw": "\n\n```python\ndef solve():\n    board = [\n        [0, 1, 0],\n        [1, 0, 0],\n        [0, 0, 1]\n    ]\n    print(\"Game State:\", board)\n\nsolve()\n```"
            },
            {
                "raw": "\n\nIn this case, the board is:\n```\nX X 0\nX 0 0\n0 - -\n```\nSo the board matrix is:\n```\n[[1, 1, 0], [1, 0, 0], [0, -1, -1]]\n```\n```python\ndef solve():\n    board = [\n        [1, 1, 0],\n        [1, 0, 0],\n        [0, -1, -1]\n    ]\n    print(\"Game State:\", board)\n\nsolve()\n```\n```\nGame State: [[1, 1, 0], [1, 0, 0], [0, -1, -1]]\n```\n"
            },
            {
                "raw": "\n\n```python\ndef solve():\n    board = [\n        [0, 0, 0],\n        [1, 0, 0],\n        [0, 0, 0]\n    ]\n    print(\"Game State:\", board)\n\nsolve()\n```\n\n```\nGame State: [[1, 0, 0], [0, 0, 0], [0, 0, 0]]\n```"
            },
            {
                "raw": "\n\nIn the given screenshot, the board is:\n```\nX O O\nO X O\nO O X\n```\nThe board matrix is:\n```\n[[1, 0, 0], [0, 1, 0], [0, 0, 1]]\n```\nTherefore, the output should be:\nGame State: [[1, 0, 0], [0, 1, 0], [0, 0, 1]]\n"
            },
            {
                "raw": "\n\nIn this case, the board is:\n```\nX O -\nX X O\n- - O\n```\nSo the board matrix is:\n```\n[[1, 0, -1], [1, 1, 0], [-1, -1, 0]]\n```\nThe current game state is:\n```\n[[1, 0, -1], [1, 1, 0], [-1, -1, 0]]\n```\nGame State: [[1, 0, -1], [1, 1, 0], [-1, -1, 0]]\n"
            },
            {
                "raw": "\n\nIn the given screenshot, the board is:\n```\nX O\nX X O\nO\n```\nThe board can be represented as:\n```\n[[1, 0, -1],\n [1, 1, 0],\n [0, -1, -1]]\n```\nSo the answer is:\nGame State: [[1, 0, -1], [1, 1, 0], [0, -1, -1]]\n```python\ndef solve():\n    board = [[1, 0, -1], [1, 1, 0], [0, -1, -1]]\n    print(\"Game State:\", board)\n\nsolve()\n```\n```\nGame State: [[1, 0, -1], [1, 1, 0], [0, -1, -1]]\n```\nThe current board state is:\n```\nX O\nX X O\nO\n```\nThe board can be represented as:\n```\n[[1, 0, -1],\n [1, 1, 0],\n [0, -1, -1]]\n```\nSo the answer is:\nGame State: [[1, 0, -1], [1, 1, 0], [0, -1, -1]]\n```python\ndef solve():\n    board = [[1, 0, -1], [1, 1, 0], [0, -1, -1]]\n    print(\"Game State:\", board)\n\nsolve()\n```\n```\nGame State: [[1, 0, -1], [1, 1, 0], [0, -1, -1]]\n```\nThe current board state is:\n```\nX O\nX X O\nO\n```\nThe board can be represented as:\n```\n[[1, 0, -1],\n [1, 1, 0],\n [0, -1, -1]]\n```\nSo the answer is:\nGame State: [[1, 0, -1], [1, 1, 0], [0, -1, -1]]\n```python\ndef solve():\n    board = [[1, 0, -1], [1, 1, 0], [0, -1, -1]]\n    print(\"Game State:\", board)\n\nsolve()\n```\n```\nGame State: [[1, 0, -1], [1, 1, 0], [0, -1, -1]]\n```\nThe current board state is:\n```\nX O\nX X O\nO\n```\nThe board can be represented as:\n```\n[[1, 0, -1],\n [1, 1, 0],\n [0, -1, -1]]\n```\nSo the answer is:\nGame State: [[1, 0, -1], [1, 1, 0], [0, -1, -1]]\n```python\ndef solve():\n    board = [[1, 0, -1], [1, 1, 0], [0, -1, -1]]\n    print(\"Game State:\", board)\n\nsolve()\n```\n```\nGame State: [[1, 0, -1], [1, 1, 0], [0, -1, -1]]\n```\nThe current board state is:\n```\nX O\nX X O\nO\n```\nThe board can be represented as:\n```\n[[1, 0, -1],\n [1, 1, 0],\n [0, -1, -1]]\n```\nSo the answer is:\nGame State: [[1, 0, -1], [1, 1, 0], [0, -1, -1]]\n```python\ndef solve():\n    board = [[1, 0, -1], [1, 1, 0], [0, -1, -1]]\n    print(\"Game State:\", board)\n\nsolve()\n```\n```\nGame State: [[1, 0, -1], [1, 1, 0], [0, -1, -1]]\n```\nThe current board state is:\n```\nX O\nX X O\nO\n```\nThe board can be represented as:\n```\n[[1, 0, -1],\n [1, 1, 0],\n [0, -1, -1]]\n```\nSo the answer is:\nGame State: [[1, 0, -1], [1, 1, 0], [0, -1, -1]]\n```python\ndef solve():\n    board = [[1, 0, -1], [1, 1, 0], [0, -1, -1]]\n    print(\"Game State:\", board)\n\nsolve()\n```\n```\nGame State: [[1, 0, -1], [1, 1, 0], [0, -1, -1]]\n```\nThe current board state is:\n```\nX O\nX X O\nO\n```\nThe board can be represented as:\n```\n[[1, 0, -1],\n [1, 1, 0],\n [0, -1, -1]]\n```\nSo the answer is:\nGame State: [[1, 0, -1], [1, 1, 0], [0, -1, -1]]\n```python\ndef solve():\n    board = [[1, 0, -1], [1, 1, 0], [0, -1, -1]]\n    print(\"Game State:\", board)\n\nsolve()\n```\n```\nGame State: [[1, 0, -1], [1, 1, 0], [0, -1, -1]]\n```\nThe current board state is:\n```\nX O\nX X O\nO\n```\nThe board can be represented as:\n```\n[[1, 0, -1],\n [1, 1, 0],\n [0, -1, -1]]\n```\nSo the answer is:\nGame State: [[1, 0, -1], [1, 1, 0], [0, -1, -1]]\n```python\ndef solve():\n    board = [[1, 0, -1], [1, 1, 0], [0, -1, -1]]\n    print(\"Game State:\", board)\n\nsolve()\n```\n```\nGame State: [[1, 0, -1], [1, 1, 0], [0, -1, -1]]\n```\nThe current board state is:\n```\nX O\nX X O\nO\n```\nThe board can be represented as:\n```\n[[1, 0, -1],\n [1, 1, 0],\n [0, -1, -1]]\n```\nSo the answer is:\nGame State: [[1, 0, -1], [1, 1, 0], [0, -1, -1]]\n```python\ndef solve():\n    board = [[1, 0, -1], [1, 1, 0], [0, -1, -1]]\n    print(\"Game State:\", board)\n\nsolve()\n```\n```\nGame State: [[1, 0, -1], [1, 1, 0], [0, -1, -1]]\n```\nThe current board state is:\n```\nX O\nX X O\nO\n```\nThe board can be represented as:\n```\n[[1, 0, -1],\n [1, 1, 0],\n [0, -1, -1]]\n```\nSo the answer is:\nGame State: [[1, 0, -1], [1, 1, 0], [0, -1, -1]]\n```python\ndef solve():\n    board = [[1, 0, -1], [1, 1, 0], [0, -1, -1]]\n    print(\"Game State:\", board)\n\nsolve()\n```\n```\nGame State: [[1, 0, -1], [1, 1, 0], [0, -1, -1]]\n```\nThe current board state is:\n```\nX O\nX X O\nO\n```\nThe board can be represented as:\n```\n[[1, 0, -1],\n [1, 1, 0],\n [0, -1, -1]]\n```\nSo the answer is:\nGame State: [[1, 0, -1], [1, 1, 0], [0, -1, -1]]\n```python\ndef solve():\n    board = [[1, 0, -1], [1, 1, 0], [0, -1, -1]]\n    print(\"Game State:\", board)\n\nsolve()\n```\n```\nGame State: [[1, 0, -1], [1, 1, 0], [0, -1, -1]]\n```\nThe current board state is:\n```\nX O\nX X O\nO\n```\nThe board can be represented as:\n```\n[[1, 0, -1],\n [1, 1, 0],\n [0, -1, -1]]\n```\nSo the answer is:\nGame State: [[1, 0, -1], [1, 1, 0], [0, -1, -1]]\n```python\ndef solve():\n    board = [[1, 0, -1], [1, 1, 0], [0, -1, -1]]\n    print(\"Game State:\", board)\n\nsolve()\n```\n```\nGame State: [[1, 0, -1], [1, 1, 0], [0, -1, -1]]\n```\nThe current board state is:\n```\nX O\nX X O\nO\n```\nThe board can be represented as:\n```\n[[1, 0, -1],\n [1, 1, 0],\n [0, -1, -1]]\n```\nSo the answer is:\nGame State: [[1, 0, -1], [1, 1, 0], [0, -1, -1]]\n```python\ndef solve():\n    board = [[1, 0, -1], [1, 1, 0], [0, -1, -1]]\n    print(\"Game State:\", board)\n\nsolve()\n```\n```\nGame State: [[1, 0, -1], [1, 1, 0], [0, -1, -1]]\n```\nThe current board state is:\n```\nX O\nX X O\nO\n```\nThe board can be represented as:\n```\n[[1, 0, -1],\n [1, 1, 0],\n [0, -1, -1]]\n```\nSo the answer is:\nGame State: [[1, 0, -1], [1, 1, 0], [0, -1, -1]]\n```python\ndef solve():\n    board = [[1, 0, -1], [1, 1, 0], [0, -1, -1]]\n    print(\"Game State:\", board)\n\nsolve()\n```\n```\nGame State: [[1, 0, -1], [1, 1, 0], [0, -1, -1]]\n```\nThe current board state is:\n```\nX O\nX X O\nO\n```\nThe board can be represented as:\n```\n[[1, 0, -1],\n [1, 1, 0],\n [0, -1, -1]]\n```\nSo the answer is:\nGame State: [[1, 0, -1], [1, 1, 0], [0, -1, -1]]\n```python\ndef solve():\n    board = [[1, 0, -1], [1, 1, 0], [0, -1, -1]]\n    print(\"Game State:\", board)\n\nsolve()\n```\n```\nGame State: [[1, 0, -1], [1, 1, 0], [0, -1, -1]]\n```\nThe current board state is:\n```\nX O\nX X O\nO\n```\nThe board can be represented as:\n```\n[[1, 0, -1],\n [1, 1, 0],\n [0, -1, -1]]\n```\nSo the answer is:\nGame State: [[1, 0, -1], [1, 1, 0], [0, -1, -1]]\n```python\ndef solve():\n    board = [[1, 0, -1], [1, 1, 0], [0, -1, -1]]\n    print(\"Game State:\", board)\n\nsolve()\n```\n```\nGame State: [[1, 0, -1], [1, 1, 0], [0, -1, -1]]\n```\nThe current board state is:\n```\nX O\nX X O\nO\n```\nThe board can be represented as:\n```\n[[1, 0, -1],\n [1, 1, 0],\n [0, -1, -1]]\n```\nSo the answer is:\nGame State: [[1, 0, -1], [1, 1, 0], [0, -1, -1]]\n```python\ndef solve():\n    board = [[1, 0, -1], [1, 1, 0], [0, -1, -1]]\n    print(\"Game State:\", board)\n\nsolve()\n```\n```\nGame State: [[1, 0, -1], [1, 1, 0], [0, -1, -1]]\n```\nThe current board state is:\n```\nX O\nX X O\nO\n```\nThe board can be represented as:\n```\n[[1, 0, -1],\n [1, 1, 0],\n [0, -1, -1]]\n```\nSo the answer is:\nGame State: [[1, 0, -1], [1, 1, 0], [0, -1, -1]]\n```python\ndef solve():\n    board = [[1, 0, -1], [1, 1, 0], [0, -1, -1]]\n    print(\"Game State:\", board)\n\nsolve()\n```\n```\nGame State: [[1, 0, -1], [1, 1, 0], [0, -1, -1]]\n```\nThe current board state is:\n```\nX O\nX X O\nO\n```\nThe board can be represented as:\n```\n[[1, 0, -1],\n [1, 1, 0],\n [0, -1, -1]]\n```\nSo the answer is:\nGame State: [[1, 0, -1], [1, 1, 0], [0, -1, -1]]\n```python\ndef solve():\n    board = [[1, 0, -1], [1, 1, 0], [0, -1, -1]]\n    print(\"Game State:\", board)\n\nsolve()\n```\n```\nGame State: [[1, 0, -1], [1, 1, 0], [0, -1, -1]]\n```\nThe current board state is:\n```\nX O\nX X O\nO\n```\nThe board can be represented as:\n```\n[[1, 0, -1],\n [1, 1, 0],\n [0, -1, -1]]\n```\nSo the answer is:\nGame State: [[1, 0, -1], [1, 1, 0], [0, -1, -1]]\n```python\ndef solve():\n    board = [[1, 0, -1], [1, 1, 0], [0, -1, -1]]\n    print(\"Game State:\", board)\n\nsolve()\n```\n```\nGame State: [[1, 0, -1], [1, 1, 0], [0, -1, -1]]\n```\nThe current board state is:\n```\nX O\nX X O\nO\n```\nThe board can be represented as:\n```\n[[1, 0, -1],\n [1, 1, 0],\n [0, -1, -1]]\n```\nSo the answer is:\nGame State: [[1, 0, -1], [1, 1, 0], [0, -1, -1]]\n```python\ndef solve():\n    board = [[1, 0, -1], [1, 1, 0], [0, -1, -1]]\n    print(\"Game State:\", board)\n\nsolve()\n```\n```\nGame State: [[1, 0, -1], [1, 1, 0], [0, -1, -1]]\n```\nThe current board state is:\n```\nX O\nX X O\nO\n```\nThe board can be represented as:\n```\n[[1, 0, -1],\n [1, 1, 0],\n [0, -1, -1]]\n```\nSo the answer is:\nGame State: [[1, 0, -1], [1, 1, 0], [0, -1, -1]]\n```python\ndef solve():\n    board = [[1, 0, -1], [1, 1, 0], [0, -1, -1]]\n    print(\"Game State:\", board)\n\nsolve()\n```\n```\nGame State: [[1, 0, -1], [1, 1, 0], [0, -1, -1]]\n```\n"
            },
            {
                "raw": "\n\nIn the given screenshot, the board is as follows:\nA: X\nB: O, X\nC: O\n\nThe board matrix is:\n[[1, -1, -1], [0, -1, -1], [0, 1, -1]]\n\nGame State: [[1, -1, -1], [0, -1, -1], [0, 1, -1]]\n"
            },
            {
                "raw": "\n\nBased on the given screenshot, the current game state is:\nGame State: [[0, 0, 1], [1, 0, 0], [0, 0, 0]]\n"
            },
            {
                "raw": "\n\nIn this case, the board is:\n```\nX O X\nO O O\nX O X\n```\nThe board matrix is:\n```\n[[1, 0, 1], [0, -1, -1], [1, 0, 1]]\n```\nTherefore, the answer is:\n```\nGame State: [[1, 0, 1], [0, -1, -1], [1, 0, 1]]\n```\n```python\ndef solve():\n    board = [\n        [1, 0, 1],\n        [0, -1, -1],\n        [1, 0, 1]\n    ]\n    print(\"Game State: \" + str(board))\n\nsolve()\n```\n```\nGame State: [[1, 0, 1], [0, -1, -1], [1, 0, 1]]\n```\nThe current board state is:\n```\nX O X\nO O O\nX O X\n```\nThe board matrix is:\n```\n[[1, 0, 1], [0, -1, -1], [1, 0, 1]]\n```\nTherefore, the answer is:\n```\nGame State: [[1, 0, 1], [0, -1, -1], [1, 0, 1]]\n```\n```python\ndef solve():\n    board = [\n        [1, 0, 1],\n        [0, -1, -1],\n        [1, 0, 1]\n    ]\n    print(\"Game State: \" + str(board))\n\nsolve()\n```\n```\nGame State: [[1, 0, 1], [0, -1, -1], [1, 0, 1]]\n```\nThe current board state is:\n```\nX O X\nO O O\nX O X\n```\nThe board matrix is:\n```\n[[1, 0, 1], [0, -1, -1], [1, 0, 1]]\n```\nTherefore, the answer is:\n```\nGame State: [[1, 0, 1], [0, -1, -1], [1, 0, 1]]\n```\n```python\ndef solve():\n    board = [\n        [1, 0, 1],\n        [0, -1, -1],\n        [1, 0, 1]\n    ]\n    print(\"Game State: \" + str(board))\n\nsolve()\n```\n```\nGame State: [[1, 0, 1], [0, -1, -1], [1, 0, 1]]\n```\nThe current board state is:\n```\nX O X\nO O O\nX O X\n```\nThe board matrix is:\n```\n[[1, 0, 1], [0, -1, -1], [1, 0, 1]]\n```\nTherefore, the answer is:\n```\nGame State: [[1, 0, 1], [0, -1, -1], [1, 0, 1]]\n```\n```python\ndef solve():\n    board = [\n        [1, 0, 1],\n        [0, -1, -1],\n        [1, 0, 1]\n    ]\n    print(\"Game State: \" + str(board))\n\nsolve()\n```\n```\nGame State: [[1, 0, 1], [0, -1, -1], [1, 0, 1]]\n```\nThe current board state is:\n```\nX O X\nO O O\nX O X\n```\nThe board matrix is:\n```\n[[1, 0, 1], [0, -1, -1], [1, 0, 1]]\n```\nTherefore, the answer is:\n```\nGame State: [[1, 0, 1], [0, -1, -1], [1, 0, 1]]\n```\n```python\ndef solve():\n    board = [\n        [1, 0, 1],\n        [0, -1, -1],\n        [1, 0, 1]\n    ]\n    print(\"Game State: \" + str(board))\n\nsolve()\n```\n```\nGame State: [[1, 0, 1], [0, -1, -1], [1, 0, 1]]\n```\nThe current board state is:\n```\nX O X\nO O O\nX O X\n```\nThe board matrix is:\n```\n[[1, 0, 1], [0, -1, -1], [1, 0, 1]]\n```\nTherefore, the answer is:\n```\nGame State: [[1, 0, 1], [0, -1, -1], [1, 0, 1]]\n```\n```python\ndef solve():\n    board = [\n        [1, 0, 1],\n        [0, -1, -1],\n        [1, 0, 1]\n    ]\n    print(\"Game State: \" + str(board))\n\nsolve()\n```\n```\nGame State: [[1, 0, 1], [0, -1, -1], [1, 0, 1]]\n```\nThe current board state is:\n```\nX O X\nO O O\nX O X\n```\nThe board matrix is:\n```\n[[1, 0, 1], [0, -1, -1], [1, 0, 1]]\n```\nTherefore, the answer is:\n```\nGame State: [[1, 0, 1], [0, -1, -1], [1, 0, 1]]\n```\n```python\ndef solve():\n    board = [\n        [1, 0, 1],\n        [0, -1, -1],\n        [1, 0, 1]\n    ]\n    print(\"Game State: \" + str(board))\n\nsolve()\n```\n```\nGame State: [[1, 0, 1], [0, -1, -1], [1, 0, 1]]\n```\nThe current board state is:\n```\nX O X\nO O O\nX O X\n```\nThe board matrix is:\n```\n[[1, 0, 1], [0, -1, -1], [1, 0, 1]]\n```\nTherefore, the answer is:\n```\nGame State: [[1, 0, 1], [0, -1, -1], [1, 0, 1]]\n```\n```python\ndef solve():\n    board = [\n        [1, 0, 1],\n        [0, -1, -1],\n        [1, 0, 1]\n    ]\n    print(\"Game State: \" + str(board))\n\nsolve()\n```\n```\nGame State: [[1, 0, 1], [0, -1, -1], [1, 0, 1]]\n```\nThe current board state is:\n```\nX O X\nO O O\nX O X\n```\nThe board matrix is:\n```\n[[1, 0, 1], [0, -1, -1], [1, 0, 1]]\n```\nTherefore, the answer is:\n```\nGame State: [[1, 0, 1], [0, -1, -1], [1, 0, 1]]\n```\n```python\ndef solve():\n    board = [\n        [1, 0, 1],\n        [0, -1, -1],\n        [1, 0, 1]\n    ]\n    print(\"Game State: \" + str(board))\n\nsolve()\n```\n```\nGame State: [[1, 0, 1], [0, -1, -1], [1, 0, 1]]\n```\nThe current board state is:\n```\nX O X\nO O O\nX O X\n```\nThe board matrix is:\n```\n[[1, 0, 1], [0, -1, -1], [1, 0, 1]]\n```\nTherefore, the answer is:\n```\nGame State: [[1, 0, 1], [0, -1, -1], [1, 0, 1]]\n```\n```python\ndef solve():\n    board = [\n        [1, 0, 1],\n        [0, -1, -1],\n        [1, 0, 1]\n    ]\n    print(\"Game State: \" + str(board))\n\nsolve()\n```\n```\nGame State: [[1, 0, 1], [0, -1, -1], [1, 0, 1]]\n```\nThe current board state is:\n```\nX O X\nO O O\nX O X\n```\nThe board matrix is:\n```\n[[1, 0, 1], [0, -1, -1], [1, 0, 1]]\n```\nTherefore, the answer is:\n```\nGame State: [[1, 0, 1], [0, -1, -1], [1, 0, 1]]\n```\n```python\ndef solve():\n    board = [\n        [1, 0, 1],\n        [0, -1, -1],\n        [1, 0, 1]\n    ]\n    print(\"Game State: \" + str(board))\n\nsolve()\n```\n```\nGame State: [[1, 0, 1], [0, -1, -1], [1, 0, 1]]\n```\nThe current board state is:\n```\nX O X\nO O O\nX O X\n```\nThe board matrix is:\n```\n[[1, 0, 1], [0, -1, -1], [1, 0, 1]]\n```\nTherefore, the answer is:\n```\nGame State: [[1, 0, 1], [0, -1, -1], [1, 0, 1]]\n```\n```python\ndef solve():\n    board = [\n        [1, 0, 1],\n        [0, -1, -1],\n        [1, 0, 1]\n    ]\n    print(\"Game State: \" + str(board))\n\nsolve()\n```\n```\nGame State: [[1, 0, 1], [0, -1, -1], [1, 0, 1]]\n```\nThe current board state is:\n```\nX O X\nO O O\nX O X\n```\nThe board matrix is:\n```\n[[1, 0, 1], [0, -1, -1], [1, 0, 1]]\n```\nTherefore, the answer is:\n```\nGame State: [[1, 0, 1], [0, -1, -1], [1, 0, 1]]\n```\n```python\ndef solve():\n    board = [\n        [1, 0, 1],\n        [0, -1, -1],\n        [1, 0, 1]\n    ]\n    print(\"Game State: \" + str(board))\n\nsolve()\n```\n```\nGame State: [[1, 0, 1], [0, -1, -1], [1, 0, 1]]\n```\nThe current board state is:\n```\nX O X\nO O O\nX O X\n```\nThe board matrix is:\n```\n[[1, 0, 1], [0, -1, -1], [1, 0, 1]]\n```\nTherefore, the answer is:\n```\nGame State: [[1, 0, 1], [0, -1, -1], [1, 0, 1]]\n```\n```python\ndef solve():\n    board = [\n        [1, 0, 1],\n        [0, -1, -1],\n        [1, 0, 1]\n    ]\n    print(\"Game State: \" + str(board))\n\nsolve()\n```\n```\nGame State: [[1, 0, 1], [0, -1, -1], [1, 0, 1]]\n```\nThe current board state is:\n```\nX O X\nO O O\nX O X\n```\nThe board matrix is:\n```\n[[1, 0, 1], [0, -1, -1], [1, 0, 1]]\n```\nTherefore, the answer is:\n```\nGame State: [[1, 0, 1], [0, -1, -1], [1, 0, 1]]\n```\n```python\ndef solve():\n    board = [\n        [1, 0, 1],\n        [0, -1, -1],\n        [1, 0, 1]\n    ]\n    print(\"Game State: \" + str(board))\n\nsolve()\n```\n```\nGame State: [[1, 0, 1], [0, -1, -1], [1, 0, 1]]\n```\nThe current board state is:\n```\nX O X\nO O O\nX O X\n```\nThe board matrix is:\n```\n[[1, 0, 1], [0, -1, -1], [1, 0, 1]]\n```\nTherefore, the answer is:\n```\nGame State: [[1, 0, 1], [0, -1, -1], [1, 0, 1]]\n```\n```python\ndef solve():\n    board = [\n        [1, 0, 1],\n        [0, -1, -1],\n        [1, 0, 1]\n    ]\n    print(\"Game State: \" + str(board))\n\nsolve()\n```\n```\nGame State: [[1, 0, 1], [0, -1, -1], [1, 0, 1]]\n```\nThe current board state is:\n```\nX O X\nO O O\nX O X\n```\nThe board matrix is:\n```\n[[1, 0, 1], [0, -1, -1], [1, 0, 1]]\n```\nTherefore, the answer is:\n```\nGame State: [[1, 0, 1], [0, -1, -1], [1, 0, 1]]\n```\n```python\ndef solve():\n    board = [\n        [1, 0, 1],\n        [0, -1, -1],\n        [1, 0, 1]\n    ]\n    print(\"Game State: \" + str(board))\n\nsolve()\n```\n```\nGame State: [[1, 0, 1], [0, -1, -1], [1, 0, 1]]\n```\nThe current board state is:\n```\nX O X\nO O O\nX O X\n```\nThe board matrix is:\n```\n[[1, 0, 1], [0, -1, -1], [1, 0, 1]]\n```\nTherefore, the answer is:\n```\nGame State: [[1, 0, 1], [0, -1, -1], [1, 0, 1]]\n```\n```python\ndef solve():\n    board = [\n        [1, 0, 1],\n        [0, -1, -1],\n        [1, 0, 1]\n    ]\n    print(\"Game State: \" + str(board))\n\nsolve()\n```\n```\nGame State: [[1, 0, 1], [0, -1, -1], [1, 0, 1]]\n```\nThe current board state is:\n```\nX O X\nO O O\nX O X\n```\nThe board matrix is:\n```\n[[1, 0, 1], [0, -1, -1], [1, 0, 1]]\n```\nTherefore, the answer is:\n```\nGame State: [[1, 0, 1], [0, -1, -1], [1, 0, 1]]\n```\n```python\ndef solve():\n    board = [\n        [1, 0, 1],\n        [0, -1, -1],\n        [1, 0, 1]\n    ]\n    print(\"Game State: \" + str(board))\n\nsolve()\n```\n```\nGame State: [[1, 0, 1], [0, -1, -1], [1, 0, 1]]\n```\nThe current board state is:\n```\nX O X\nO O O\nX O X\n```\nThe board matrix is:\n```\n[[1, 0, 1], [0, -1, -1], [1, 0, 1]]\n```\nTherefore, the answer is:\n```\nGame State: [[1, 0, 1], [0, -1, -1], [1, 0, 1]]\n```\n```python\ndef solve():\n    board = [\n        [1, 0, 1],\n        [0, -1, -1],\n        [1, 0, 1]\n    ]\n    print(\"Game State: \" + str(board))\n\nsolve()\n```\n```\nGame State: [[1, 0, 1], [0, -1, -1], [1, 0, 1]]\n```\nThe current board state is:\n```\nX O X\n"
            },
            {
                "raw": "\n\n```python\ndef solve():\n    board = [\n        [1, -1, -1],\n        [-1, -1, 0],\n        [0, 1, -1]\n    ]\n    print(\"Game State:\", board)\n\nsolve()\n```\n\n```text\nGame State: [[1, -1, -1], [-1, -1, 0], [0, 1, -1]]\n```\n"
            },
            {
                "raw": "\n\nIn the given screenshot, the board is:\n```\nX X X\nO O O\nO O -\n```\nThe board matrix is:\n```\n[[1, 1, 1], [0, 0, 0], [0, 0, -1]]\n```\nGame State: [[1, 1, 1], [0, 0, 0], [0, 0, -1]]\n"
            },
            {
                "raw": "\n\nIn the given screenshot, the board is as follows:\nA: 0\nB: X\nC: X\nD: 0\nE:\nF:\nG:\nH:\nI:\n\nThe current game state is:\n[[0, -1, 1], [1, -1, 0], [-1, -1, 0]]\n```python\ndef solve():\n    board = [[0, -1, 1], [1, -1, 0], [-1, -1, 0]]\n    print(\"Game State: \" + str(board))\n\nsolve()\n```\n"
            },
            {
                "raw": "\n\nThe current board state is:\n```\n  1 2 3\nA - - 0\nB X 0\nC X X 0\n```\nTherefore, the output should be:\nGame State: [[-1, -1, 0], [1, -1, 0], [1, 1, 0]]\n```python\nboard = [[-1, -1, 0], [1, -1, 0], [1, 1, 0]]\nprint(\"Game State:\", board)\n```\n```\nGame State: [[-1, -1, 0], [1, -1, 0], [1, 1, 0]]\n```\n```python\nboard = [[-1, -1, 0], [1, -1, 0], [1, 1, 0]]\nprint(\"Game State:\", board)\n```\n```\nGame State: [[-1, -1, 0], [1, -1, 0], [1, 1, 0]]\n```\n```python\nboard = [[-1, -1, 0], [1, -1, 0], [1, 1, 0]]\nprint(\"Game State:\", board)\n```\n```\nGame State: [[-1, -1, 0], [1, -1, 0], [1, 1, 0]]\n```\n```python\nboard = [[-1, -1, 0], [1, -1, 0], [1, 1, 0]]\nprint(\"Game State:\", board)\n```\n```\nGame State: [[-1, -1, 0], [1, -1, 0], [1, 1, 0]]\n```\n```python\nboard = [[-1, -1, 0], [1, -1, 0], [1, 1, 0]]\nprint(\"Game State:\", board)\n```\n```\nGame State: [[-1, -1, 0], [1, -1, 0], [1, 1, 0]]\n```\n```python\nboard = [[-1, -1, 0], [1, -1, 0], [1, 1, 0]]\nprint(\"Game State:\", board)\n```\n```\nGame State: [[-1, -1, 0], [1, -1, 0], [1, 1, 0]]\n```\n```python\nboard = [[-1, -1, 0], [1, -1, 0], [1, 1, 0]]\nprint(\"Game State:\", board)\n```\n```\nGame State: [[-1, -1, 0], [1, -1, 0], [1, 1, 0]]\n```\n```python\nboard = [[-1, -1, 0], [1, -1, 0], [1, 1, 0]]\nprint(\"Game State:\", board)\n```\n```\nGame State: [[-1, -1, 0], [1, -1, 0], [1, 1, 0]]\n```\n```python\nboard = [[-1, -1, 0], [1, -1, 0], [1, 1, 0]]\nprint(\"Game State:\", board)\n```\n```\nGame State: [[-1, -1, 0], [1, -1, 0], [1, 1, 0]]\n```\n```python\nboard = [[-1, -1, 0], [1, -1, 0], [1, 1, 0]]\nprint(\"Game State:\", board)\n```\n```\nGame State: [[-1, -1, 0], [1, -1, 0], [1, 1, 0]]\n```\n```python\nboard = [[-1, -1, 0], [1, -1, 0], [1, 1, 0]]\nprint(\"Game State:\", board)\n```\n```\nGame State: [[-1, -1, 0], [1, -1, 0], [1, 1, 0]]\n```\n```python\nboard = [[-1, -1, 0], [1, -1, 0], [1, 1, 0]]\nprint(\"Game State:\", board)\n```\n```\nGame State: [[-1, -1, 0], [1, -1, 0], [1, 1, 0]]\n```\n```python\nboard = [[-1, -1, 0], [1, -1, 0], [1, 1, 0]]\nprint(\"Game State:\", board)\n```\n```\nGame State: [[-1, -1, 0], [1, -1, 0], [1, 1, 0]]\n```\n```python\nboard = [[-1, -1, 0], [1, -1, 0], [1, 1, 0]]\nprint(\"Game State:\", board)\n```\n```\nGame State: [[-1, -1, 0], [1, -1, 0], [1, 1, 0]]\n```\n```python\nboard = [[-1, -1, 0], [1, -1, 0], [1, 1, 0]]\nprint(\"Game State:\", board)\n```\n```\nGame State: [[-1, -1, 0], [1, -1, 0], [1, 1, 0]]\n```\n```python\nboard = [[-1, -1, 0], [1, -1, 0], [1, 1, 0]]\nprint(\"Game State:\", board)\n```\n```\nGame State: [[-1, -1, 0], [1, -1, 0], [1, 1, 0]]\n```\n```python\nboard = [[-1, -1, 0], [1, -1, 0], [1, 1, 0]]\nprint(\"Game State:\", board)\n```\n```\nGame State: [[-1, -1, 0], [1, -1, 0], [1, 1, 0]]\n```\n```python\nboard = [[-1, -1, 0], [1, -1, 0], [1, 1, 0]]\nprint(\"Game State:\", board)\n```\n```\nGame State: [[-1, -1, 0], [1, -1, 0], [1, 1, 0]]\n```\n```python\nboard = [[-1, -1, 0], [1, -1, 0], [1, 1, 0]]\nprint(\"Game State:\", board)\n```\n```\nGame State: [[-1, -1, 0], [1, -1, 0], [1, 1, 0]]\n```\n```python\nboard = [[-1, -1, 0], [1, -1, 0], [1, 1, 0]]\nprint(\"Game State:\", board)\n```\n```\nGame State: [[-1, -1, 0], [1, -1, 0], [1, 1, 0]]\n```\n```python\nboard = [[-1, -1, 0], [1, -1, 0], [1, 1, 0]]\nprint(\"Game State:\", board)\n```\n```\nGame State: [[-1, -1, 0], [1, -1, 0], [1, 1, 0]]\n```\n```python\nboard = [[-1, -1, 0], [1, -1, 0], [1, 1, 0]]\nprint(\"Game State:\", board)\n```\n```\nGame State: [[-1, -1, 0], [1, -1, 0], [1, 1, 0]]\n```\n```python\nboard = [[-1, -1, 0], [1, -1, 0], [1, 1, 0]]\nprint(\"Game State:\", board)\n```\n```\nGame State: [[-1, -1, 0], [1, -1, 0], [1, 1, 0]]\n```\n```python\nboard = [[-1, -1, 0], [1, -1, 0], [1, 1, 0]]\nprint(\"Game State:\", board)\n```\n```\nGame State: [[-1, -1, 0], [1, -1, 0], [1, 1, 0]]\n```\n```python\nboard = [[-1, -1, 0], [1, -1, 0], [1, 1, 0]]\nprint(\"Game State:\", board)\n```\n```\nGame State: [[-1, -1, 0], [1, -1, 0], [1, 1, 0]]\n```\n```python\nboard = [[-1, -1, 0], [1, -1, 0], [1, 1, 0]]\nprint(\"Game State:\", board)\n```\n```\nGame State: [[-1, -1, 0], [1, -1, 0], [1, 1, 0]]\n```\n```python\nboard = [[-1, -1, 0], [1, -1, 0], [1, 1, 0]]\nprint(\"Game State:\", board)\n```\n```\nGame State: [[-1, -1, 0], [1, -1, 0], [1, 1, 0]]\n```\n```python\nboard = [[-1, -1, 0], [1, -1, 0], [1, 1, 0]]\nprint(\"Game State:\", board)\n```\n```\nGame State: [[-1, -1, 0], [1, -1, 0], [1, 1, 0]]\n```\n```python\nboard = [[-1, -1, 0], [1, -1, 0], [1, 1, 0]]\nprint(\"Game State:\", board)\n```\n```\nGame State: [[-1, -1, 0], [1, -1, 0], [1, 1, 0]]\n```\n```python\nboard = [[-1, -1, 0], [1, -1, 0], [1, 1, 0]]\nprint(\"Game State:\", board)\n```\n```\nGame State: [[-1, -1, 0], [1, -1, 0], [1, 1, 0]]\n```\n```python\nboard = [[-1, -1, 0], [1, -1, 0], [1, 1, 0]]\nprint(\"Game State:\", board)\n```\n```\nGame State: [[-1, -1, 0], [1, -1, 0], [1, 1, 0]]\n```\n```python\nboard = [[-1, -1, 0], [1, -1, 0], [1, 1, 0]]\nprint(\"Game State:\", board)\n```\n```\nGame State: [[-1, -1, 0], [1, -1, 0], [1, 1, 0]]\n```\n```python\nboard = [[-1, -1, 0], [1, -1, 0], [1, 1, 0]]\nprint(\"Game State:\", board)\n```\n```\nGame State: [[-1, -1, 0], [1, -1, 0], [1, 1, 0]]\n```\n```python\nboard = [[-1, -1, 0], [1, -1, 0], [1, 1, 0]]\nprint(\"Game State:\", board)\n```\n```\nGame State: [[-1, -1, 0], [1, -1, 0], [1, 1, 0]]\n```\n```python\nboard = [[-1, -1, 0], [1, -1, 0], [1, 1, 0]]\nprint(\"Game State:\", board)\n```\n```\nGame State: [[-1, -1, 0], [1, -1, 0], [1, 1, 0]]\n```\n```python\nboard = [[-1, -1, 0], [1, -1, 0], [1, 1, 0]]\nprint(\"Game State:\", board)\n```\n```\nGame State: [[-1, -1, 0], [1, -1, 0], [1, 1, 0]]\n```\n```python\nboard = [[-1, -1, 0], [1, -1, 0], [1, 1, 0]]\nprint(\"Game State:\", board)\n```\n```\nGame State: [[-1, -1, 0], [1, -1, 0], [1, 1, 0]]\n```\n```python\nboard = [[-1, -1, 0], [1, -1, 0], [1, 1, 0]]\nprint(\"Game State:\", board)\n```\n```\nGame State: [[-1, -1, 0], [1, -1, 0], [1, 1, 0]]\n```\n```python\nboard = [[-1, -1, 0], [1, -1, 0], [1, 1, 0]]\nprint(\"Game State:\", board)\n```\n```\nGame State: [[-1, -1, 0], [1, -1, 0], [1, 1, 0]]\n```\n```python\nboard = [[-1, -1, 0], [1, -1, 0], [1, 1, 0]]\nprint(\"Game State:\", board)\n```\n```\nGame State: [[-1, -1, 0], [1, -1, 0], [1, 1, 0]]\n```\n```python\nboard = [[-1, -1, 0], [1, -1, 0], [1, 1, 0]]\nprint(\"Game State:\", board)\n```\n```\nGame State: [[-1, -1, 0], [1, -1, 0], [1, 1, 0]]\n```\n```python\nboard = [[-1, -1, 0], [1, -1, 0], [1, 1, 0]]\nprint(\"Game State:\", board)\n```\n```\nGame State: [[-1, -1, 0], [1, -1, 0], [1, 1, 0]]\n```\n```python\nboard = [[-1, -1, 0], [1, -1, 0], [1, 1, 0]]\nprint(\"Game State:\", board)\n```\n```\nGame State: [[-1, -1, 0], [1, -1, 0], [1, 1, 0]]\n```\n```python\nboard = [[-1, -1, 0], [1, -1, 0], [1, 1, 0]]\nprint(\"Game State:\", board)\n```\n```\nGame State: [[-1, -1, 0], [1, -1, 0], [1, 1, 0]]\n```\n```python\nboard = [[-1, -1, 0], [1, -1, 0], [1, 1, 0]]\nprint(\"Game State:\", board)\n```\n```\nGame State: [[-1, -1, 0], [1, -1, 0], [1, 1, 0]]\n```\n```python\nboard = [[-1, -1, 0], [1, -1, 0], [1, 1, 0]]\nprint(\"Game State:\", board)\n```\n```\nGame State: [[-1, -1, 0], [1, -1, 0], [1, 1, 0]]\n```\n```python\nboard = [[-1, -1, 0], [1, -1, 0], [1, 1, 0]]\nprint(\"Game State:\", board)\n```\n```\nGame State: [[-1, -1, 0], [1, -1, 0], [1, 1, 0]]\n```\n```python\nboard = [[-1, -1, 0], [1, -1, 0], [1, 1, 0]]\nprint(\"Game State:\", board)\n```\n```\nGame State: [[-1, -1, 0], [1, -1, 0], [1, 1, 0]]\n```\n```python\nboard = [[-1, -1, 0], [1, -1, 0], [1, 1, 0]]\nprint(\"Game State:\", board)\n```\n```\nGame State: [[-1, -1, 0], [1, -1, 0], [1, 1, 0]]\n```\n```python\nboard = [[-1, -1, 0], [1, -1, 0], [1, 1, 0]]\nprint(\"Game State:\", board)\n```\n```\nGame State: [[-1, -1, 0], [1, -1, 0], [1, 1, 0]]\n```\n```python\nboard = [[-1, -1, 0], [1, -1"
            },
            {
                "raw": "\n\nThe current board state is:\n```\nX 0 0\nX 0 0\nX 0 0\n```\n```python\nboard = [\n    [1, -1, -1],\n    [1, -1, -1],\n    [1, -1, -1]\n]\n```\nGame State: [[1, -1, -1], [1, -1, -1], [1, -1, -1]]\n"
            },
            {
                "raw": "\n\n```python\ndef solve():\n    board = [\n        [0, 0, 0],\n        [0, 1, 0],\n        [1, 1, 0]\n    ]\n    print(\"Game State:\", board)\n\nsolve()\n```\n\n```\nGame State: [[0, 0, 0], [0, 1, 0], [1, 1, 0]]\n```\n"
            },
            {
                "raw": "\n\nBased on the given screenshot, the current game state is:\nGame State: [[1, 0, 0], [1, 1, 1], [1, 1, 1]]\n"
            },
            {
                "raw": "\n\n```python\ndef solve():\n    board = [\n        [0, -1, -1],\n        [-1, -1, 1],\n        [-1, 0, -1]\n    ]\n    print(\"Game State:\", board)\n\nsolve()\n```\n```\nGame State: [[0, -1, -1], [-1, -1, 1], [-1, 0, -1]]\n```"
            },
            {
                "raw": "\n\n```python\ndef solve():\n    board = [\n        [0, 0, 1],\n        [1, 0, 0],\n        [0, 1, 0]\n    ]\n    print(\"Game State:\", board)\n\nsolve()\n```\n\n```text\nGame State: [[0, 0, 1], [1, 0, 0], [0, 1, 0]]\n```\n"
            },
            {
                "raw": "\n\nIn this case, the board is:\nGame State: [[0, 0, -1], [0, 1, 0], [1, 1, -1]]\n"
            },
            {
                "raw": "\n\nIn the given screenshot, the board is:\n```\nX X X\nX X 0\n0 0 -\n```\nThe board matrix is:\n```\n[[1, 1, 1], [1, 0, 0], [0, 0, -1]]\n```\nTherefore, the answer is:\nGame State: [[1, 1, 1], [1, 0, 0], [0, 0, -1]]\n"
            },
            {
                "raw": "\n\nBased on the given screenshot, the current game state is:\nGame State: [[0, 1, 1], [1, 1, 0], [0, -1, -1]]\n"
            },
            {
                "raw": "\n\n```python\ndef tic_tac_toe_state(board):\n    \"\"\"\n    Given a screenshot of the game board, determine the current game state using a 3x3 matrix.\n    \"\"\"\n    matrix = [\n        [board[0][0], board[0][1], board[0][2]],\n        [board[1][0], board[1][1], board[1][2]],\n        [board[2][0], board[2][1], board[2][2]]\n    ]\n    return matrix\n```\n```python\ndef tic_tac_toe_state(board):\n    \"\"\"\n    Given a screenshot of the game board, determine the current game state using a 3x3 matrix.\n    \"\"\"\n    matrix = [\n        [board[0][0], board[0][1], board[0][2]],\n        [board[1][0], board[1][1], board[1][2]],\n        [board[2][0], board[2][1], board[2][2]]\n    ]\n    return matrix\n```\n```python\ndef tic_tac_toe_state(board):\n    \"\"\"\n    Given a screenshot of the game board, determine the current game state using a 3x3 matrix.\n    \"\"\"\n    matrix = [\n        [board[0][0], board[0][1], board[0][2]],\n        [board[1][0], board[1][1], board[1][2]],\n        [board[2][0], board[2][1], board[2][2]]\n    ]\n    return matrix\n```\n```python\ndef tic_tac_toe_state(board):\n    \"\"\"\n    Given a screenshot of the game board, determine the current game state using a 3x3 matrix.\n    \"\"\"\n    matrix = [\n        [board[0][0], board[0][1], board[0][2]],\n        [board[1][0], board[1][1], board[1][2]],\n        [board[2][0], board[2][1], board[2][2]]\n    ]\n    return matrix\n```\n```python\ndef tic_tac_toe_state(board):\n    \"\"\"\n    Given a screenshot of the game board, determine the current game state using a 3x3 matrix.\n    \"\"\"\n    matrix = [\n        [board[0][0], board[0][1], board[0][2]],\n        [board[1][0], board[1][1], board[1][2]],\n        [board[2][0], board[2][1], board[2][2]]\n    ]\n    return matrix\n```\n```python\ndef tic_tac_toe_state(board):\n    \"\"\"\n    Given a screenshot of the game board, determine the current game state using a 3x3 matrix.\n    \"\"\"\n    matrix = [\n        [board[0][0], board[0][1], board[0][2]],\n        [board[1][0], board[1][1], board[1][2]],\n        [board[2][0], board[2][1], board[2][2]]\n    ]\n    return matrix\n```\n```python\ndef tic_tac_toe_state(board):\n    \"\"\"\n    Given a screenshot of the game board, determine the current game state using a 3x3 matrix.\n    \"\"\"\n    matrix = [\n        [board[0][0], board[0][1], board[0][2]],\n        [board[1][0], board[1][1], board[1][2]],\n        [board[2][0], board[2][1], board[2][2]]\n    ]\n    return matrix\n```\n```python\ndef tic_tac_toe_state(board):\n    \"\"\"\n    Given a screenshot of the game board, determine the current game state using a 3x3 matrix.\n    \"\"\"\n    matrix = [\n        [board[0][0], board[0][1], board[0][2]],\n        [board[1][0], board[1][1], board[1][2]],\n        [board[2][0], board[2][1], board[2][2]]\n    ]\n    return matrix\n```\n```python\ndef tic_tac_toe_state(board):\n    \"\"\"\n    Given a screenshot of the game board, determine the current game state using a 3x3 matrix.\n    \"\"\"\n    matrix = [\n        [board[0][0], board[0][1], board[0][2]],\n        [board[1][0], board[1][1], board[1][2]],\n        [board[2][0], board[2][1], board[2][2]]\n    ]\n    return matrix\n```\n```python\ndef tic_tac_toe_state(board):\n    \"\"\"\n    Given a screenshot of the game board, determine the current game state using a 3x3 matrix.\n    \"\"\"\n    matrix = [\n        [board[0][0], board[0][1], board[0][2]],\n        [board[1][0], board[1][1], board[1][2]],\n        [board[2][0], board[2][1], board[2][2]]\n    ]\n    return matrix\n```\n```python\ndef tic_tac_toe_state(board):\n    \"\"\"\n    Given a screenshot of the game board, determine the current game state using a 3x3 matrix.\n    \"\"\"\n    matrix = [\n        [board[0][0], board[0][1], board[0][2]],\n        [board[1][0], board[1][1], board[1][2]],\n        [board[2][0], board[2][1], board[2][2]]\n    ]\n    return matrix\n```\n```python\ndef tic_tac_toe_state(board):\n    \"\"\"\n    Given a screenshot of the game board, determine the current game state using a 3x3 matrix.\n    \"\"\"\n    matrix = [\n        [board[0][0], board[0][1], board[0][2]],\n        [board[1][0], board[1][1], board[1][2]],\n        [board[2][0], board[2][1], board[2][2]]\n    ]\n    return matrix\n```\n```python\ndef tic_tac_toe_state(board):\n    \"\"\"\n    Given a screenshot of the game board, determine the current game state using a 3x3 matrix.\n    \"\"\"\n    matrix = [\n        [board[0][0], board[0][1], board[0][2]],\n        [board[1][0], board[1][1], board[1][2]],\n        [board[2][0], board[2][1], board[2][2]]\n    ]\n    return matrix\n```\n```python\ndef tic_tac_toe_state(board):\n    \"\"\"\n    Given a screenshot of the game board, determine the current game state using a 3x3 matrix.\n    \"\"\"\n    matrix = [\n        [board[0][0], board[0][1], board[0][2]],\n        [board[1][0], board[1][1], board[1][2]],\n        [board[2][0], board[2][1], board[2][2]]\n    ]\n    return matrix\n```\n```python\ndef tic_tac_toe_state(board):\n    \"\"\"\n    Given a screenshot of the game board, determine the current game state using a 3x3 matrix.\n    \"\"\"\n    matrix = [\n        [board[0][0], board[0][1], board[0][2]],\n        [board[1][0], board[1][1], board[1][2]],\n        [board[2][0], board[2][1], board[2][2]]\n    ]\n    return matrix\n```\n```python\ndef tic_tac_toe_state(board):\n    \"\"\"\n    Given a screenshot of the game board, determine the current game state using a 3x3 matrix.\n    \"\"\"\n    matrix = [\n        [board[0][0], board[0][1], board[0][2]],\n        [board[1][0], board[1][1], board[1][2]],\n        [board[2][0], board[2][1], board[2][2]]\n    ]\n    return matrix\n```\n```python\ndef tic_tac_toe_state(board):\n    \"\"\"\n    Given a screenshot of the game board, determine the current game state using a 3x3 matrix.\n    \"\"\"\n    matrix = [\n        [board[0][0], board[0][1], board[0][2]],\n        [board[1][0], board[1][1], board[1][2]],\n        [board[2][0], board[2][1], board[2][2]]\n    ]\n    return matrix\n```\n```python\ndef tic_tac_toe_state(board):\n    \"\"\"\n    Given a screenshot of the game board, determine the current game state using a 3x3 matrix.\n    \"\"\"\n    matrix = [\n        [board[0][0], board[0][1], board[0][2]],\n        [board[1][0], board[1][1], board[1][2]],\n        [board[2][0], board[2][1], board[2][2]]\n    ]\n    return matrix\n```\n```python\ndef tic_tac_toe_state(board):\n    \"\"\"\n    Given a screenshot of the game board, determine the current game state using a 3x3 matrix.\n    \"\"\"\n    matrix = [\n        [board[0][0], board[0][1], board[0][2]],\n        [board[1][0], board[1][1], board[1][2]],\n        [board[2][0], board[2][1], board[2][2]]\n    ]\n    return matrix\n```\n```python\ndef tic_tac_toe_state(board):\n    \"\"\"\n    Given a screenshot of the game board, determine the current game state using a 3x3 matrix.\n    \"\"\"\n    matrix = [\n        [board[0][0], board[0][1], board[0][2]],\n        [board[1][0], board[1][1], board[1][2]],\n        [board[2][0], board[2][1], board[2][2]]\n    ]\n    return matrix\n```\n```python\ndef tic_tac_toe_state(board):\n    \"\"\"\n    Given a screenshot of the game board, determine the current game state using a 3x3 matrix.\n    \"\"\"\n    matrix = [\n        [board[0][0], board[0][1], board[0][2]],\n        [board[1][0], board[1][1], board[1][2]],\n        [board[2][0], board[2][1], board[2][2]]\n    ]\n    return matrix\n```\n```python\ndef tic_tac_toe_state(board):\n    \"\"\"\n    Given a screenshot of the game board, determine the current game state using a 3x3 matrix.\n    \"\"\"\n    matrix = [\n        [board[0][0], board[0][1], board[0][2]],\n        [board[1][0], board[1][1], board[1][2]],\n        [board[2][0], board[2][1], board[2][2]]\n    ]\n    return matrix\n```\n```python\ndef tic_tac_toe_state(board):\n    \"\"\"\n    Given a screenshot of the game board, determine the current game state using a 3x3 matrix.\n    \"\"\"\n    matrix = [\n        [board[0][0], board[0][1], board[0][2]],\n        [board[1][0], board[1][1], board[1][2]],\n        [board[2][0], board[2][1], board[2][2]]\n    ]\n    return matrix\n```\n```python\ndef tic_tac_toe_state(board):\n    \"\"\"\n    Given a screenshot of the game board, determine the current game state using a 3x3 matrix.\n    \"\"\"\n    matrix = [\n        [board[0][0], board[0][1], board[0][2]],\n        [board[1][0], board[1][1], board[1][2]],\n        [board[2][0], board[2][1], board[2][2]]\n    ]\n    return matrix\n```\n```python\ndef tic_tac_toe_state(board):\n    \"\"\"\n    Given a screenshot of the game board, determine the current game state using a 3x3 matrix.\n    \"\"\"\n    matrix = [\n        [board[0][0], board[0][1], board[0][2]],\n        [board[1][0], board[1][1], board[1][2]],\n        [board[2][0], board[2][1], board[2][2]]\n    ]\n    return matrix\n```\n```python\ndef tic_tac_toe_state(board):\n    \"\"\"\n    Given a screenshot of the game board, determine the current game state using a 3x3 matrix.\n    \"\"\"\n    matrix = [\n        [board[0][0], board[0][1], board[0][2]],\n        [board[1][0], board[1][1], board[1][2]],\n        [board[2][0], board[2][1], board[2][2]]\n    ]\n    return matrix\n```\n```python\ndef tic_tac_toe_state(board):\n    \"\"\"\n    Given a screenshot of the game board, determine the current game state using a 3x3 matrix.\n    \"\"\"\n    matrix = [\n        [board[0][0], board[0][1], board[0][2]],\n        [board[1][0], board[1][1], board[1][2]],\n        [board[2][0], board[2][1], board[2][2]]\n    ]\n    return matrix\n```\n```python\ndef tic_tac_toe_state(board):\n    \"\"\"\n    Given a screenshot of the game board, determine the current game state using a 3x3 matrix.\n    \"\"\"\n    matrix = [\n        [board[0][0], board[0][1], board[0][2]],\n        [board[1][0], board[1][1], board[1][2]],\n        [board[2][0], board[2][1], board[2][2]]\n    ]\n    return matrix\n```\n```python\ndef tic_tac_toe_state(board):\n    \"\"\"\n    Given a screenshot of the game board, determine the current game state using a 3x3 matrix.\n    \"\"\"\n    matrix = [\n        [board[0][0], board[0][1], board[0][2]],\n        [board[1][0], board[1][1], board[1][2]],\n        [board[2][0], board[2][1], board[2][2]]\n    ]\n    return matrix\n```\n```python\ndef tic_tac_toe_state(board):\n    \"\"\"\n    Given a screenshot of the game board, determine the current game state using a 3x3 matrix.\n    \"\"\"\n    matrix = [\n        [board[0][0], board[0][1], board[0][2]],\n        [board[1][0], board[1][1], board[1][2]],\n        [board[2][0], board[2][1], board[2][2]]\n    ]\n    return matrix\n```\n```python\ndef tic_tac_toe_state(board):\n    \"\"\"\n    Given a screenshot of the game board, determine the current game state using a 3x3 matrix.\n    \"\"\"\n    matrix = [\n        [board[0][0], board[0][1], board[0][2]],\n        [board[1][0], board[1][1], board[1][2]],\n        [board[2][0], board[2][1], board[2][2]]\n    ]\n    return matrix\n```\n```python\ndef tic_tac_toe_state(board):\n    \"\"\"\n    Given a screenshot of the game board, determine the current game state using a 3x3 matrix.\n    \"\"\"\n    matrix = [\n        [board[0][0], board[0][1], board[0][2]],\n        [board[1][0], board[1][1], board[1][2]],\n        [board[2][0], board[2][1], board[2][2]]\n    ]\n    return matrix\n```\n```python\ndef tic_tac_toe_state(board):\n    \"\"\"\n    Given a screenshot of the game board, determine the current game state using a 3x3 matrix.\n    \"\"\"\n    matrix = [\n        [board[0][0], board[0][1], board[0][2]],\n        [board[1][0], board[1][1], board[1][2]],\n        [board[2][0], board[2][1], board[2][2]]\n    ]\n    return matrix\n```\n```python\ndef tic_tac_toe_state(board):\n    \"\"\"\n    Given a screenshot of the game board, determine the current game state using a 3x3 matrix.\n    \"\"\"\n    matrix = [\n        [board[0][0], board[0][1], board[0][2]],\n        [board[1][0], board[1][1], board[1][2]],\n        [board[2][0], board[2"
            },
            {
                "raw": "\n\n```python\ndef solve():\n    board = [\n        [1, -1, -1],\n        [0, -1, -1],\n        [-1, 1, -1]\n    ]\n    print(\"Game State:\", board)\n\nsolve()\n```\n\n```\nGame State: [[1, -1, -1], [0, -1, -1], [-1, 1, -1]]\n```"
            },
            {
                "raw": "\n\nBased on the given screenshot, the current game state is:\nGame State: [[0, 1, -1], [1, 0, -1], [-1, -1, 1]]\n"
            },
            {
                "raw": "\n\nBased on the given screenshot, the current game state is:\n[[1, 0, 1], [0, 0, 0], [1, 1, -1]]\n"
            },
            {
                "raw": "\n\nBased on the given screenshot, the current game state is:\nGame State: [[0, 1, 1], [0, 0, 1], [0, 1, 1]]\n"
            },
            {
                "raw": "\n\nIn this case, the board is:\n```\nX X -\nX O X\nO - -\n```\nSo the board matrix is:\n```\n[[1, 1, -1], [1, 0, 1], [0, -1, -1]]\n```\nTherefore, the answer is:\n```\nGame State: [[1, 1, -1], [1, 0, 1], [0, -1, -1]]\n```\n"
            },
            {
                "raw": "\n\nBased on the given screenshot, the current game state is:\nGame State: [[1, 0, 0], [0, 1, 0], [0, 1, 0]]\n"
            },
            {
                "raw": "\n\nIn the given screenshot, the board is as follows:\nA: X\nB: X\nC: O\nA: X\nB: O\nC: O\nA: X\nB: X\nC: O\n\nThe board state is:\n```\nX | X | X\n--+---+--\nO | X | O\n--+---+--\nO | O | O\n```\nSo the board matrix is:\n```\n[[1, 1, 1],\n [0, 1, 0],\n [0, 0, 0]]\n```\nGame State: [[1, 1, 1], [0, 1, 0], [0, 0, 0]]\n"
            },
            {
                "raw": "\n\nBased on the given screenshot, the current game state is:\nGame State: [[0, 0, -1], [0, 1, 1], [1, 1, 0]]\n"
            },
            {
                "raw": "\n\nBased on the given screenshot, the current game state is:\nGame State: [[1, -1, -1], [0, 0, -1], [0, -1, 1]]\n"
            },
            {
                "raw": "\n\nBased on the given screenshot, the current game state is:\nGame State: [[1, -1, 1], [0, 1, -1], [-1, -1, -1]]\n"
            },
            {
                "raw": "\n\nIn the given screenshot, the board is as follows:\nA B C\nO X O\nO X O\nX O\nO X\nX O\n\nThe board matrix is:\n[[0, 1, 0], [0, 1, 0], [1, 0, 0]]\n\nGame State: [[0, 1, 0], [0, 1, 0], [1, 0, 0]]\n"
            },
            {
                "raw": "\n\nThe current board state is:\n```\n  0 1 2\n0 0 -1 -1\n1 0 1 0\n2 0 0 0\n```\nGame State: [[0, -1, -1], [0, 1, 0], [0, 0, 0]]\n"
            },
            {
                "raw": "\n\nBased on the screenshot, the current game state is:\nGame State: [[0, 0, -1], [1, 1, -1], [0, 0, -1]]\n"
            },
            {
                "raw": "\n\nIn this case, the board is:\n```\nX X 0\n0 0 X\nX X 0\n```\nSo the matrix is:\n```\n[[1, 1, 0], [0, 0, 1], [1, 1, 0]]\n```\n```python\ndef solve():\n    board = [[1, 1, 0], [0, 0, 1], [1, 1, 0]]\n    print(\"Game State: \" + str(board))\n\nsolve()\n```\n"
            },
            {
                "raw": "\n\nIn the given screenshot, the board is as follows:\nA: X\nB: X\nC: O\nD: O\nE: O\nThe board is a 3x3 grid.\nThe current board state is:\n```\nX | X | 0\nX | 0 | 0\nX | 0 | 0\n```\nThe board matrix is:\n```\n[[1, 1, 0], [1, 0, 0], [1, 0, 0]]\n```\nGame State: [[1, 1, 0], [1, 0, 0], [1, 0, 0]]\n"
            },
            {
                "raw": "\n\n```python\ndef solve():\n    board = [\n        [1, -1, -1],\n        [0, 0, -1],\n        [-1, 1, -1]\n    ]\n    print(\"Game State: \" + str(board))\n\nsolve()\n```\n"
            },
            {
                "raw": "\n\nIn this case, the board is:\n```\nX O X\nO X O\nO X O\n```\nThe board matrix is:\n```\n[[1, 0, 1], [0, 1, 0], [0, 1, 0]]\n```\nGame State: [[1, 0, 1], [0, 1, 0], [0, 1, 0]]\n"
            },
            {
                "raw": "\n\nThe current board state is:\n```\n[[0, 0, 0],\n [1, 1, 0],\n [0, 1, 0]]\n```\nGame State: [[0, 0, 0], [1, 1, 0], [0, 1, 0]]\n"
            },
            {
                "raw": "\n\n```python\ndef solve():\n    board = [\n        [0, -1, -1],\n        [-1, -1, 0],\n        [-1, 0, -1]\n    ]\n    print(\"Game State:\", board)\n\nsolve()\n```\n\nOutput:\n\n```\nGame State: [[0, -1, -1], [-1, -1, 0], [-1, 0, -1]]\n```"
            },
            {
                "raw": "\n\nBased on the given screenshot, the current game state is:\n[[1, -1, 0], [0, -1, 1], [0, -1, 1]]\n"
            },
            {
                "raw": "\n\n```python\ndef solve():\n    board = [\n        [0, -1, -1],\n        [0, 0, -1],\n        [-1, -1, 0]\n    ]\n    print(\"Game State:\", board)\n\nsolve()\n```\n\n```\nGame State: [[0, -1, -1], [0, 0, -1], [-1, -1, 0]]\n```"
            },
            {
                "raw": "\n\nThe current board state is:\n```\n0 0 -\n- X X\n0 X -\n```\nSo the board matrix is:\n```\n[[0, 0, -1], [-1, 1, 1], [0, 1, -1]]\n```\nGame State: [[0, 0, -1], [-1, 1, 1], [0, 1, -1]]\n"
            },
            {
                "raw": "\n\nIn the given screenshot, the board is:\n```\nX O X\nO - -\nX O -\n```\nThe board matrix is:\n```\n[[1, 0, 1], [0, -1, -1], [1, 0, -1]]\n```\nTherefore, the output should be:\nGame State: [[1, 0, 1], [0, -1, -1], [1, 0, -1]]\n"
            },
            {
                "raw": "\n\nBased on the given screenshot, the current game state is:\n[[1, 0, -1], [-1, 1, 0], [1, 1, 0]]\n"
            },
            {
                "raw": "\n\nBased on the given screenshot, the current game state is:\nGame State: [[0, -1, 1], [-1, 1, -1], [-1, -1, 0]]\n"
            },
            {
                "raw": "\n\nIn the given screenshot, the board is:\n```\nX O X\nO X O\nX O X\n```\nThe board matrix is:\n```\n[[1, 0, 1], [0, 1, 0], [1, 0, 1]]\n```\nTherefore, the answer is:\nGame State: [[1, 0, 1], [0, 1, 0], [1, 0, 1]]\n```\n[[0, 1, 0], [1, 0, 1], [0, 1, 0]]\n```\nTherefore, the answer is:\nGame State: [[0, 1, 0], [1, 0, 1], [0, 1, 0]]\n```\n[[1, 0, 1], [0, 1, 0], [1, 0, 1]]\n```\nTherefore, the answer is:\nGame State: [[1, 0, 1], [0, 1, 0], [1, 0, 1]]\n```\n[[0, 1, 0], [1, 0, 1], [0, 1, 0]]\n```\nTherefore, the answer is:\nGame State: [[0, 1, 0], [1, 0, 1], [0, 1, 0]]\n```\n[[1, 0, 1], [0, 1, 0], [1, 0, 1]]\n```\nTherefore, the answer is:\nGame State: [[1, 0, 1], [0, 1, 0], [1, 0, 1]]\n```\n[[0, 1, 0], [1, 0, 1], [0, 1, 0]]\n```\nTherefore, the answer is:\nGame State: [[0, 1, 0], [1, 0, 1], [0, 1, 0]]\n```\n[[1, 0, 1], [0, 1, 0], [1, 0, 1]]\n```\nTherefore, the answer is:\nGame State: [[1, 0, 1], [0, 1, 0], [1, 0, 1]]\n```\n[[0, 1, 0], [1, 0, 1], [0, 1, 0]]\n```\nTherefore, the answer is:\nGame State: [[0, 1, 0], [1, 0, 1], [0, 1, 0]]\n```\n[[1, 0, 1], [0, 1, 0], [1, 0, 1]]\n```\nTherefore, the answer is:\nGame State: [[1, 0, 1], [0, 1, 0], [1, 0, 1]]\n```\n[[0, 1, 0], [1, 0, 1], [0, 1, 0]]\n```\nTherefore, the answer is:\nGame State: [[0, 1, 0], [1, 0, 1], [0, 1, 0]]\n```\n[[1, 0, 1], [0, 1, 0], [1, 0, 1]]\n```\nTherefore, the answer is:\nGame State: [[1, 0, 1], [0, 1, 0], [1, 0, 1]]\n```\n[[0, 1, 0], [1, 0, 1], [0, 1, 0]]\n```\nTherefore, the answer is:\nGame State: [[0, 1, 0], [1, 0, 1], [0, 1, 0]]\n```\n[[1, 0, 1], [0, 1, 0], [1, 0, 1]]\n```\nTherefore, the answer is:\nGame State: [[1, 0, 1], [0, 1, 0], [1, 0, 1]]\n```\n[[0, 1, 0], [1, 0, 1], [0, 1, 0]]\n```\nTherefore, the answer is:\nGame State: [[0, 1, 0], [1, 0, 1], [0, 1, 0]]\n```\n[[1, 0, 1], [0, 1, 0], [1, 0, 1]]\n```\nTherefore, the answer is:\nGame State: [[1, 0, 1], [0, 1, 0], [1, 0, 1]]\n```\n[[0, 1, 0], [1, 0, 1], [0, 1, 0]]\n```\nTherefore, the answer is:\nGame State: [[0, 1, 0], [1, 0, 1], [0, 1, 0]]\n```\n[[1, 0, 1], [0, 1, 0], [1, 0, 1]]\n```\nTherefore, the answer is:\nGame State: [[1, 0, 1], [0, 1, 0], [1, 0, 1]]\n```\n[[0, 1, 0], [1, 0, 1], [0, 1, 0]]\n```\nTherefore, the answer is:\nGame State: [[0, 1, 0], [1, 0, 1], [0, 1, 0]]\n```\n[[1, 0, 1], [0, 1, 0], [1, 0, 1]]\n```\nTherefore, the answer is:\nGame State: [[1, 0, 1], [0, 1, 0], [1, 0, 1]]\n```\n[[0, 1, 0], [1, 0, 1], [0, 1, 0]]\n```\nTherefore, the answer is:\nGame State: [[0, 1, 0], [1, 0, 1], [0, 1, 0]]\n```\n[[1, 0, 1], [0, 1, 0], [1, 0, 1]]\n```\nTherefore, the answer is:\nGame State: [[1, 0, 1], [0, 1, 0], [1, 0, 1]]\n```\n[[0, 1, 0], [1, 0, 1], [0, 1, 0]]\n```\nTherefore, the answer is:\nGame State: [[0, 1, 0], [1, 0, 1], [0, 1, 0]]\n```\n[[1, 0, 1], [0, 1, 0], [1, 0, 1]]\n```\nTherefore, the answer is:\nGame State: [[1, 0, 1], [0, 1, 0], [1, 0, 1]]\n```\n[[0, 1, 0], [1, 0, 1], [0, 1, 0]]\n```\nTherefore, the answer is:\nGame State: [[0, 1, 0], [1, 0, 1], [0, 1, 0]]\n```\n[[1, 0, 1], [0, 1, 0], [1, 0, 1]]\n```\nTherefore, the answer is:\nGame State: [[1, 0, 1], [0, 1, 0], [1, 0, 1]]\n```\n[[0, 1, 0], [1, 0, 1], [0, 1, 0]]\n```\nTherefore, the answer is:\nGame State: [[0, 1, 0], [1, 0, 1], [0, 1, 0]]\n```\n[[1, 0, 1], [0, 1, 0], [1, 0, 1]]\n```\nTherefore, the answer is:\nGame State: [[1, 0, 1], [0, 1, 0], [1, 0, 1]]\n```\n[[0, 1, 0], [1, 0, 1], [0, 1, 0]]\n```\nTherefore, the answer is:\nGame State: [[0, 1, 0], [1, 0, 1], [0, 1, 0]]\n```\n[[1, 0, 1], [0, 1, 0], [1, 0, 1]]\n```\nTherefore, the answer is:\nGame State: [[1, 0, 1], [0, 1, 0], [1, 0, 1]]\n```\n[[0, 1, 0], [1, 0, 1], [0, 1, 0]]\n```\nTherefore, the answer is:\nGame State: [[0, 1, 0], [1, 0, 1], [0, 1, 0]]\n```\n[[1, 0, 1], [0, 1, 0], [1, 0, 1]]\n```\nTherefore, the answer is:\nGame State: [[1, 0, 1], [0, 1, 0], [1, 0, 1]]\n```\n[[0, 1, 0], [1, 0, 1], [0, 1, 0]]\n```\nTherefore, the answer is:\nGame State: [[0, 1, 0], [1, 0, 1], [0, 1, 0]]\n```\n[[1, 0, 1], [0, 1, 0], [1, 0, 1]]\n```\nTherefore, the answer is:\nGame State: [[1, 0, 1], [0, 1, 0], [1, 0, 1]]\n```\n[[0, 1, 0], [1, 0, 1], [0, 1, 0]]\n```\nTherefore, the answer is:\nGame State: [[0, 1, 0], [1, 0, 1], [0, 1, 0]]\n```\n[[1, 0, 1], [0, 1, 0], [1, 0, 1]]\n```\nTherefore, the answer is:\nGame State: [[1, 0, 1], [0, 1, 0], [1, 0, 1]]\n```\n[[0, 1, 0], [1, 0, 1], [0, 1, 0]]\n```\nTherefore, the answer is:\nGame State: [[0, 1, 0], [1, 0, 1], [0, 1, 0]]\n```\n[[1, 0, 1], [0, 1, 0], [1, 0, 1]]\n```\nTherefore, the answer is:\nGame State: [[1, 0, 1], [0, 1, 0], [1, 0, 1]]\n```\n[[0, 1, 0], [1, 0, 1], [0, 1, 0]]\n```\nTherefore, the answer is:\nGame State: [[0, 1, 0], [1, 0, 1], [0, 1, 0]]\n```\n[[1, 0, 1], [0, 1, 0], [1, 0, 1]]\n```\nTherefore, the answer is:\nGame State: [[1, 0, 1], [0, 1, 0], [1, 0, 1]]\n```\n[[0, 1, 0], [1, 0, 1], [0, 1, 0]]\n```\nTherefore, the answer is:\nGame State: [[0, 1, 0], [1, 0, 1], [0, 1, 0]]\n```\n[[1, 0, 1], [0, 1, 0], [1, 0, 1]]\n```\nTherefore, the answer is:\nGame State: [[1, 0, 1], [0, 1, 0], [1, 0, 1]]\n```\n[[0, 1, 0], [1, 0, 1], [0, 1, 0]]\n```\nTherefore, the answer is:\nGame State: [[0, 1, 0], [1, 0, 1], [0, 1, 0]]\n```\n[[1, 0, 1], [0, 1, 0], [1, 0, 1]]\n```\nTherefore, the answer is:\nGame State: [[1, 0, 1], [0, 1, 0], [1, 0, 1]]\n```\n[[0, 1, 0], [1, 0, 1], [0, 1, 0]]\n```\nTherefore, the answer is:\nGame State: [[0, 1, 0], [1, 0, 1], [0, 1, 0]]\n```\n[[1, 0, 1], [0, 1, 0], [1, 0, 1]]\n```\nTherefore, the answer is:\nGame State: [[1, 0, 1], [0, 1, 0], [1, 0, 1]]\n```\n[[0, 1, 0], [1, 0, 1], [0, 1, 0]]\n```\nTherefore, the answer is:\nGame State: [[0, 1, 0], [1, 0, 1], [0, 1, 0]]\n```\n[[1, 0, 1], [0, 1, 0], [1, 0, 1]]\n```\nTherefore, the answer is:\nGame State: [[1, 0, 1], [0, 1, 0], [1, 0, 1]]\n```\n[[0, 1, 0], [1, 0, 1], [0, 1, 0]]\n```\nTherefore, the answer is:\nGame State: [[0, 1, 0], [1, 0, 1], [0, 1, 0]]\n```\n[[1, 0, 1], [0, 1, 0], [1, 0, 1]]\n```\nTherefore, the answer is:\nGame State: [[1, 0, 1], [0, 1, 0], [1, 0, 1]]\n```\n[[0, 1, 0], [1, 0, 1], [0, 1, 0]]\n```\nTherefore, the answer is:\nGame State: [[0, 1, 0], [1, 0, 1], [0, 1, 0]]\n```\n[[1, 0, 1], [0, 1, 0], [1, 0, 1]]\n```\nTherefore, the answer is:\nGame State: [[1, 0, 1], [0, 1, 0], [1, 0, 1]]\n```\n[[0, 1, 0], [1, 0, 1], [0, 1, 0]]\n```\nTherefore, the answer is:\nGame State: [[0, 1, 0], [1, 0, 1], [0, 1, 0]]\n```\n[[1, 0, 1], [0, 1, 0], [1, 0, 1]]\n```\nTherefore, the answer is:\nGame State: [[1, 0, 1], [0, 1, 0], [1, 0, 1]]\n```\n[[0, 1, 0], [1, 0, 1], [0, 1, 0]]\n```\nTherefore, the answer is:\nGame State: [[0, 1, 0], [1, 0, 1], [0, 1, 0]]\n```\n[[1, 0, 1], [0, 1, 0], [1, 0, 1]]\n```\nTherefore, the answer is:\nGame State: [[1, 0, 1], [0, 1, 0], [1, 0, 1]]\n```\n[[0, 1, 0], [1, 0, 1], [0, 1, 0]]\n```\nTherefore, the answer is:\nGame State: [[0, 1, 0], [1, 0, 1], [0, 1, 0]]\n```\n[[1, 0, 1], [0, 1, 0], [1, 0, 1]]\n```\nTherefore, the answer is:\nGame State: [[1, 0, 1], [0, 1, 0], [1, 0, 1]]\n```\n[[0, 1, 0], [1, 0, 1], [0, 1, 0]]\n```\nTherefore, the answer is:\nGame State: [[0, 1, 0], [1, 0, 1], [0, 1, 0]]\n```\n[["
            },
            {
                "raw": "\n\nIn this case, the board is:\n```\n  0   X   0\n  X   X   X\n  0   0   0\n```\nSo the board matrix is:\n```\n[[0, 1, 0],\n [1, 1, 1],\n [0, 0, 0]]\n```\nGame State: [[0, 1, 0], [1, 1, 1], [0, 0, 0]]\n"
            },
            {
                "raw": "\n\n```\nGame State: [[1, -1, -1], [0, -1, 0], [1, 0, 1]]\n```"
            },
            {
                "raw": "\n\nBased on the given screenshot, the current game state is:\nGame State: [[0, 0, -1], [0, -1, 1], [-1, 1, 1]]\n"
            },
            {
                "raw": "\n\nBased on the given screenshot, the current game state is:\n[[0, 0, 1], [0, 1, 1], [0, 1, 0]]\n"
            },
            {
                "raw": "\n\n```python\ndef solve():\n    board = [\n        [0, -1, -1],\n        [1, 0, -1],\n        [0, 1, 1]\n    ]\n    print(\"Game State:\", board)\n\nsolve()\n```"
            },
            {
                "raw": "\n\nThe current board state is:\n```\nX O 0\nO X 0\n0 0 X\n```\nThe board matrix is:\n```\n[[1, 0, 0], [0, 1, 0], [0, 0, 1]]\n```\nGame State: [[1, 0, 0], [0, 1, 0], [0, 0, 1]]\n"
            },
            {
                "raw": "\n\nIn the given screenshot, the board is:\n```\nX O X\nO X\nX O O\n```\nThe board matrix is:\n```\n[[1, 0, 1],\n [0, 1, 0],\n [1, 0, 0]]\n```\nTherefore, the output should be:\nGame State: [[1, 0, 1], [0, 1, 0], [1, 0, 0]]\n"
            },
            {
                "raw": "\n\nBased on the given screenshot, the current game state is:\nGame State: [[1, -1, 1], [-1, 0, -1], [1, 0, 0]]\n"
            },
            {
                "raw": "\n\nIn this case, the board is:\n[[0, 1, -1], [0, 0, 1], [-1, 1, -1]]\nGame State: [[0, 1, -1], [0, 0, 1], [-1, 1, -1]]\n"
            },
            {
                "raw": "\n\n```python\ndef solve():\n    board = [\n        [1, 0, 0],\n        [0, 0, 1],\n        [0, 1, 0]\n    ]\n    print(\"Game State:\", board)\n\nsolve()\n```"
            },
            {
                "raw": "\n\n```python\ndef solve():\n    board = [\n        [1, 1, -1],\n        [0, 0, 0],\n        [-1, 1, -1]\n    ]\n    print(\"Game State:\", board)\n\nsolve()\n```\n"
            },
            {
                "raw": "\n\n```python\ndef solve():\n    board = [\n        [1, 2, 3],\n        [4, 5, 6],\n        [7, 8, 9]\n    ]\n    \n    print(\"Game State:\", board)\n\nsolve()\n```\n\n```\nGame State: [[1, 2, 3], [4, 5, 6], [7, 8, 9]]\n```"
            },
            {
                "raw": "\n\nIn this case, the board is:\n[[0, 1, 0], [0, 0, 1], [1, 1, 0]]\nSo the answer is:\nGame State: [[0, 1, 0], [0, 0, 1], [1, 1, 0]]\n"
            },
            {
                "raw": "\n\nThe current board state is:\n```\n0 0 0\nX X X\n0 0 0\n```\nTherefore, the output should be:\nGame State: [[0, 0, 0], [1, 1, 1], [0, 0, 0]]\n"
            },
            {
                "raw": "\n\n```python\ndef solve():\n    board = [\n        [0, 0, 1],\n        [0, 0, 0],\n        [1, 1, 0]\n    ]\n    print(\"Game State:\", board)\n\nsolve()\n```\n\n```\nGame State: [[0, 0, 1], [0, 0, 0], [1, 1, 0]]\n```"
            },
            {
                "raw": "\n\n```python\ndef solve():\n    board = [\n        [0, -1, -1],\n        [-1, 0, -1],\n        [-1, -1, 0]\n    ]\n    print(\"Game State:\", board)\n\nsolve()\n```"
            },
            {
                "raw": "\n\n```python\ndef solve():\n    board = [\n        [1, 0, 0],\n        [0, 1, 0],\n        [0, 0, 1]\n    ]\n    print(\"Game State:\", board)\n\nsolve()\n```\n\n```\nGame State: [[1, 0, 0], [0, 1, 0], [0, 0, 1]]\n```\nThe current game state is represented by the following 3x3 matrix:\n```\n[[1, 0, 0],\n [0, 1, 0],\n [0, 0, 1]]\n```\nThis represents that the first player (X) has placed their mark in the top-left cell, the second player (O) has placed their mark in the center cell, and the third player (X) has placed their mark in the bottom-right cell.\nThe game is not over yet, as there are still empty cells on the board.\nThe first player (X) can place their mark in the top-right cell.\nThe second player (O) can place their mark in the bottom-left cell.\nThe third player (X) can place their mark in the middle-right cell.\nThe game can continue until one of the players has three marks in a row, or until all cells are filled.\nIf the game is not over, the current player should place their mark in an empty cell.\nIf the game is over, the player who has three marks in a row wins.\nIf all cells are filled and no one has three marks in a row, the game is a draw.\nIn this case, the game is not over yet, so the current player should place their mark in an empty cell.\nThe current player is X, and there is an empty cell in the top-right cell.\nSo, the current player should place their mark in the top-right cell.\nThe new game state is:\n```\n[[1, 0, 1],\n [0, 1, 0],\n [0, 0, 1]]\n```\nThe game is not over yet, so the current player should place their mark in an empty cell.\nThe current player is O, and there is an empty cell in the bottom-left cell.\nSo, the current player should place their mark in the bottom-left cell.\nThe new game state is:\n```\n[[1, 0, 1],\n [0, 1, 0],\n [0, 0, 1]]\n```\nThe game is not over yet, so the current player should place their mark in an empty cell.\nThe current player is X, and there is an empty cell in the middle-right cell.\nSo, the current player should place their mark in the middle-right cell.\nThe new game state is:\n```\n[[1, 0, 1],\n [0, 1, 0],\n [0, 0, 1]]\n```\nThe game is over, and X has won.\nThe final game state is:\n```\n[[1, 0, 1],\n [0, 1, 0],\n [0, 0, 1]]\n```\nThe current game state is represented by the following 3x3 matrix:\n```\n[[1, 0, 0],\n [0, 1, 0],\n [0, 0, 1]]\n```\nThis represents that the first player (X) has placed their mark in the top-left cell, the second player (O) has placed their mark in the center cell, and the third player (X) has placed their mark in the bottom-right cell.\nThe game is not over yet, as there are still empty cells on the board.\nThe first player (X) can place their mark in the top-right cell.\nThe second player (O) can place their mark in the bottom-left cell.\nThe third player (X) can place their mark in the middle-right cell.\nThe game can continue until one of the players has three marks in a row, or until all cells are filled.\nIf the game is not over, the current player should place their mark in an empty cell.\nIf the game is over, the player who has three marks in a row wins.\nIf all cells are filled and no one has three marks in a row, the game is a draw.\nIn this case, the game is not over yet, so the current player should place their mark in an empty cell.\nThe current player is X, and there is an empty cell in the top-right cell.\nSo, the current player should place their mark in the top-right cell.\nThe new game state is:\n```\n[[1, 0, 1],\n [0, 1, 0],\n [0, 0, 1]]\n```\nThe game is not over yet, so the current player should place their mark in an empty cell.\nThe current player is O, and there is an empty cell in the bottom-left cell.\nSo, the current player should place their mark in the bottom-left cell.\nThe new game state is:\n```\n[[1, 0, 1],\n [0, 1, 0],\n [0, 0, 1]]\n```\nThe game is not over yet, so the current player should place their mark in an empty cell.\nThe current player is X, and there is an empty cell in the middle-right cell.\nSo, the current player should place their mark in the middle-right cell.\nThe new game state is:\n```\n[[1, 0, 1],\n [0, 1, 0],\n [0, 0, 1]]\n```\nThe game is over, and X has won.\nThe final game state is:\n```\n[[1, 0, 1],\n [0, 1, 0],\n [0, 0, 1]]\n```\nThe current game state is represented by the following 3x3 matrix:\n```\n[[1, 0, 0],\n [0, 1, 0],\n [0, 0, 1]]\n```\nThis represents that the first player (X) has placed their mark in the top-left cell, the second player (O) has placed their mark in the center cell, and the third player (X) has placed their mark in the bottom-right cell.\nThe game is not over yet, as there are still empty cells on the board.\nThe first player (X) can place their mark in the top-right cell.\nThe second player (O) can place their mark in the bottom-left cell.\nThe third player (X) can place their mark in the middle-right cell.\nThe game can continue until one of the players has three marks in a row, or until all cells are filled.\nIf the game is not over, the current player should place their mark in an empty cell.\nIf the game is over, the player who has three marks in a row wins.\nIf all cells are filled and no one has three marks in a row, the game is a draw.\nIn this case, the game is not over yet, so the current player should place their mark in an empty cell.\nThe current player is X, and there is an empty cell in the top-right cell.\nSo, the current player should place their mark in the top-right cell.\nThe new game state is:\n```\n[[1, 0, 1],\n [0, 1, 0],\n [0, 0, 1]]\n```\nThe game is not over yet, so the current player should place their mark in an empty cell.\nThe current player is O, and there is an empty cell in the bottom-left cell.\nSo, the current player should place their mark in the bottom-left cell.\nThe new game state is:\n```\n[[1, 0, 1],\n [0, 1, 0],\n [0, 0, 1]]\n```\nThe game is not over yet, so the current player should place their mark in an empty cell.\nThe current player is X, and there is an empty cell in the middle-right cell.\nSo, the current player should place their mark in the middle-right cell.\nThe new game state is:\n```\n[[1, 0, 1],\n [0, 1, 0],\n [0, 0, 1]]\n```\nThe game is over, and X has won.\nThe final game state is:\n```\n[[1, 0, 1],\n [0, 1, 0],\n [0, 0, 1]]\n```\nGame State: [[1, 0, 0], [0, 1, 0], [0, 0, 1]]\n"
            },
            {
                "raw": "\n\n```python\ndef solve():\n    board = [\n        [0, 0, 0],\n        [0, 0, 0],\n        [0, 0, 0]\n    ]\n    \n    # Read the board from the screenshot\n    board[0][0] = 0\n    board[0][1] = 0\n    board[0][2] = 1\n    board[1][0] = 1\n    board[1][1] = 1\n    board[1][2] = 1\n    board[2][0] = 0\n    board[2][1] = 0\n    board[2][2] = 0\n    \n    print(\"Game State: \" + str(board))\n\nsolve()\n```\n"
            },
            {
                "raw": "\n\nBased on the given screenshot, the current game state is:\n[[1, 0, 0], [1, 0, 0], [1, 0, 1]]\n"
            },
            {
                "raw": "\n\n```python\ndef solve():\n    board = [\n        [1, 0, 0],\n        [0, 1, 0],\n        [0, 0, 0]\n    ]\n    print(\"Game State:\", board)\n\nsolve()\n```\n\n```\nGame State: [[1, 0, 0], [0, 1, 0], [0, 0, 0]]\n```"
            },
            {
                "raw": "\n\nThe current board state is:\n```\n0 0 X\n0 X 0\n0 X X\n```\nSo the board matrix is:\n```\n[[0, 0, 1], [0, 1, 0], [0, 1, 1]]\n```\nGame State: [[0, 0, 1], [0, 1, 0], [0, 1, 1]]\n"
            },
            {
                "raw": "\n\nIn this case, you are playing as X.\n```\nGame State: [[1, 0, -1], [0, 1, 0], [-1, 1, 0]]\n```"
            },
            {
                "raw": "\n\nBased on the given screenshot, the current game state is:\nGame State: [[1, 0, 0], [0, 1, 1], [0, 0, -1]]\n"
            },
            {
                "raw": "\n\n```python\ndef solve():\n    board = [\n        [0, 1, 1],\n        [0, 0, 1],\n        [1, 0, 0]\n    ]\n    print(\"Game State:\", board)\n\nsolve()\n```\n\n```\nGame State: [[0, 1, 1], [0, 0, 1], [1, 0, 0]]\n```"
            },
            {
                "raw": "\n\nBased on the given screenshot, the current game state is:\nGame State: [[1, 0, -1], [0, -1, 0], [-1, 0, 1]]\n"
            },
            {
                "raw": "\n\nIn the given screenshot, the board is:\n```\n  0 1 2\n0 X O\n1 X X\n2 O -\n```\nThe current game state is:\n```\nGame State: [[1, 0, -1], [1, 1, -1], [-1, -1, -1]]\n```\nThe current game state is:\n```\nGame State: [[-1, -1, -1], [-1, -1, -1], [-1, -1, -1]]\n```\nThe current game state is:\n```\nGame State: [[-1, -1, -1], [-1, -1, -1], [-1, -1, -1]]\n```\nThe current game state is:\n```\nGame State: [[-1, -1, -1], [-1, -1, -1], [-1, -1, -1]]\n```\nThe current game state is:\n```\nGame State: [[-1, -1, -1], [-1, -1, -1], [-1, -1, -1]]\n```\nThe current game state is:\n```\nGame State: [[-1, -1, -1], [-1, -1, -1], [-1, -1, -1]]\n```\nThe current game state is:\n```\nGame State: [[-1, -1, -1], [-1, -1, -1], [-1, -1, -1]]\n```\nThe current game state is:\n```\nGame State: [[-1, -1, -1], [-1, -1, -1], [-1, -1, -1]]\n```\nThe current game state is:\n```\nGame State: [[-1, -1, -1], [-1, -1, -1], [-1, -1, -1]]\n```\nThe current game state is:\n```\nGame State: [[-1, -1, -1], [-1, -1, -1], [-1, -1, -1]]\n```\nThe current game state is:\n```\nGame State: [[-1, -1, -1], [-1, -1, -1], [-1, -1, -1]]\n```\nThe current game state is:\n```\nGame State: [[-1, -1, -1], [-1, -1, -1], [-1, -1, -1]]\n```\nThe current game state is:\n```\nGame State: [[-1, -1, -1], [-1, -1, -1], [-1, -1, -1]]\n```\nThe current game state is:\n```\nGame State: [[-1, -1, -1], [-1, -1, -1], [-1, -1, -1]]\n```\nThe current game state is:\n```\nGame State: [[-1, -1, -1], [-1, -1, -1], [-1, -1, -1]]\n```\nThe current game state is:\n```\nGame State: [[-1, -1, -1], [-1, -1, -1], [-1, -1, -1]]\n```\nThe current game state is:\n```\nGame State: [[-1, -1, -1], [-1, -1, -1], [-1, -1, -1]]\n```\nThe current game state is:\n```\nGame State: [[-1, -1, -1], [-1, -1, -1], [-1, -1, -1]]\n```\nThe current game state is:\n```\nGame State: [[-1, -1, -1], [-1, -1, -1], [-1, -1, -1]]\n```\nThe current game state is:\n```\nGame State: [[-1, -1, -1], [-1, -1, -1], [-1, -1, -1]]\n```\nThe current game state is:\n```\nGame State: [[-1, -1, -1], [-1, -1, -1], [-1, -1, -1]]\n```\nThe current game state is:\n```\nGame State: [[-1, -1, -1], [-1, -1, -1], [-1, -1, -1]]\n```\nThe current game state is:\n```\nGame State: [[-1, -1, -1], [-1, -1, -1], [-1, -1, -1]]\n```\nThe current game state is:\n```\nGame State: [[-1, -1, -1], [-1, -1, -1], [-1, -1, -1]]\n```\nThe current game state is:\n```\nGame State: [[-1, -1, -1], [-1, -1, -1], [-1, -1, -1]]\n```\nThe current game state is:\n```\nGame State: [[-1, -1, -1], [-1, -1, -1], [-1, -1, -1]]\n```\nThe current game state is:\n```\nGame State: [[-1, -1, -1], [-1, -1, -1], [-1, -1, -1]]\n```\nThe current game state is:\n```\nGame State: [[-1, -1, -1], [-1, -1, -1], [-1, -1, -1]]\n```\nThe current game state is:\n```\nGame State: [[-1, -1, -1], [-1, -1, -1], [-1, -1, -1]]\n```\nThe current game state is:\n```\nGame State: [[-1, -1, -1], [-1, -1, -1], [-1, -1, -1]]\n```\nThe current game state is:\n```\nGame State: [[-1, -1, -1], [-1, -1, -1], [-1, -1, -1]]\n```\nThe current game state is:\n```\nGame State: [[-1, -1, -1], [-1, -1, -1], [-1, -1, -1]]\n```\nThe current game state is:\n```\nGame State: [[-1, -1, -1], [-1, -1, -1], [-1, -1, -1]]\n```\nThe current game state is:\n```\nGame State: [[-1, -1, -1], [-1, -1, -1], [-1, -1, -1]]\n```\nThe current game state is:\n```\nGame State: [[-1, -1, -1], [-1, -1, -1], [-1, -1, -1]]\n```\nThe current game state is:\n```\nGame State: [[-1, -1, -1], [-1, -1, -1], [-1, -1, -1]]\n```\nThe current game state is:\n```\nGame State: [[-1, -1, -1], [-1, -1, -1], [-1, -1, -1]]\n```\nThe current game state is:\n```\nGame State: [[-1, -1, -1], [-1, -1, -1], [-1, -1, -1]]\n```\nThe current game state is:\n```\nGame State: [[-1, -1, -1], [-1, -1, -1], [-1, -1, -1]]\n```\nThe current game state is:\n```\nGame State: [[-1, -1, -1], [-1, -1, -1], [-1, -1, -1]]\n```\nThe current game state is:\n```\nGame State: [[-1, -1, -1], [-1, -1, -1], [-1, -1, -1]]\n```\nThe current game state is:\n```\nGame State: [[-1, -1, -1], [-1, -1, -1], [-1, -1, -1]]\n```\nThe current game state is:\n```\nGame State: [[-1, -1, -1], [-1, -1, -1], [-1, -1, -1]]\n```\nThe current game state is:\n```\nGame State: [[-1, -1, -1], [-1, -1, -1], [-1, -1, -1]]\n```\nThe current game state is:\n```\nGame State: [[-1, -1, -1], [-1, -1, -1], [-1, -1, -1]]\n```\nThe current game state is:\n```\nGame State: [[-1, -1, -1], [-1, -1, -1], [-1, -1, -1]]\n```\nThe current game state is:\n```\nGame State: [[-1, -1, -1], [-1, -1, -1], [-1, -1, -1]]\n```\nThe current game state is:\n```\nGame State: [[-1, -1, -1], [-1, -1, -1], [-1, -1, -1]]\n```\nThe current game state is:\n```\nGame State: [[-1, -1, -1], [-1, -1, -1], [-1, -1, -1]]\n```\nThe current game state is:\n```\nGame State: [[-1, -1, -1], [-1, -1, -1], [-1, -1, -1]]\n```\nThe current game state is:\n```\nGame State: [[-1, -1, -1], [-1, -1, -1], [-1, -1, -1]]\n```\nThe current game state is:\n```\nGame State: [[-1, -1, -1], [-1, -1, -1], [-1, -1, -1]]\n```\nThe current game state is:\n```\nGame State: [[-1, -1, -1], [-1, -1, -1], [-1, -1, -1]]\n```\nThe current game state is:\n```\nGame State: [[-1, -1, -1], [-1, -1, -1], [-1, -1, -1]]\n```\nThe current game state is:\n```\nGame State: [[-1, -1, -1], [-1, -1, -1], [-1, -1, -1]]\n```\nThe current game state is:\n```\nGame State: [[-1, -1, -1], [-1, -1, -1], [-1, -1, -1]]\n```\nThe current game state is:\n```\nGame State: [[-1, -1, -1], [-1, -1, -1], [-1, -1, -1]]\n```\nThe current game state is:\n```\nGame State: [[-1, -1, -1], [-1, -1, -1], [-1, -1, -1]]\n```\nThe current game state is:\n```\nGame State: [[-1, -1, -1], [-1, -1, -1], [-1, -1, -1]]\n```\nThe current game state is:\n```\nGame State: [[-1, -1, -1], [-1, -1, -1], [-1, -1, -1]]\n```\nThe current game state is:\n```\nGame State: [[-1, -1, -1], [-1, -1, -1], [-1, -1, -1]]\n```\nThe current game state is:\n```\nGame State: [[-1, -1, -1], [-1, -1, -1], [-1, -1, -1]]\n```\nThe current game state is:\n```\nGame State: [[-1, -1, -1], [-1, -1, -1], [-1, -1, -1]]\n```\nThe current game state is:\n```\nGame State: [[-1, -1, -1], [-1, -1, -1], [-1, -1, -1]]\n```\nThe current game state is:\n```\nGame State: [[-1, -1, -1], [-1, -1, -1], [-1, -1, -1]]\n```\nThe current game state is:\n```\nGame State: [[-1, -1, -1], [-1, -1, -1], [-1, -1, -1]]\n```\nThe current game state is:\n```\nGame State: [[-1, -1, -1], [-1, -1, -1], [-1, -1, -1]]\n```\nThe current game state is:\n```\nGame State: [[-1, -1, -1], [-1, -1, -1], [-1, -1, -1]]\n```\nThe current game state is:\n```\nGame State: [[-1, -1, -1], [-1, -1, -1], [-1, -1, -1]]\n```\nThe current game state is:\n```\nGame State: [[-1, -1, -1], [-1, -1, -1], [-1, -1, -1]]\n```\nThe current game state is:\n```\nGame State: [[-1, -1, -1], [-1, -1, -1], [-1, -1, -1]]\n```\nThe current game state is:\n```\nGame State: [[-1, -1, -1], [-1, -1, -1], [-1, -1, -1]]\n```\nThe current game state is:\n```\nGame State: [[-1, -1, -1], [-1, -1, -1], [-1, -1, -1]]\n```\nThe current game state is:\n```\nGame State: [[-1, -1, -1], [-1, -1, -1], [-1, -1, -1]]\n```\nThe current game state is:\n```\nGame State: [[-1, -1, -1], [-1, -1, -1], [-1, -1, -1]]\n```\nThe current game state is:\n```\nGame State: [[-1, -1, -1], [-1, -1, -1], [-1, -1, -1]]\n```\nThe current game state is:\n```\nGame State: [[-1, -1, -1], [-1, -1, -1], [-1, -1, -1]]\n```\nThe current game state is:\n```\nGame State: [[-1, -1, -1], [-1, -1, -1], [-1, -1, -1]]\n```\nThe current game state is:\n```\nGame State: [[-1, -1, -1], [-1, -1, -1], [-1, -1, -1]]\n```\nThe current game state is:\n```\nGame State: [[-1, -1, -1], [-1, -1, -1], [-1, -1, -1]]\n```\nThe current game state is:\n```\nGame State: [[-1, -1, -1], [-1, -1, -1], [-1, -1, -1]]\n```\nThe current game state is:\n```\nGame State: [[-1, -1, -1], [-1, -1, -1], [-1, -1, -1]]\n```\nThe current game state is:\n```\nGame State: [[-1, -1, -1], [-1, -1, -1], [-1, -1, -1]]\n```\nThe current game state is:\n```\nGame State: [[-1, -1, -1], [-1, -1, -1], [-1, -1, -1]]\n```\nThe current game state is:\n```\nGame State: [[-1, -1, -1], [-1, -1, -1], [-1, -1, -1]]\n```\nThe current game state is:\n```\nGame State: [[-1, -1, -1], [-1, -1, -1], [-1, -1, -1]]\n```\nThe current game state is:\n```\nGame State: [[-1, -1, -1], [-1, -1, -1], [-1, -1, -1]]\n```\nThe current game state is:\n```\nGame State: [[-1, -1, -1], [-1, -1, -1], [-1, -1, -1]]\n```\nThe current game state is:\n```\nGame State: [[-1, -1, -1], [-1, -1, -1], [-1, -1, -1]]\n```\nThe current game state is:\n```\nGame State: [[-1, -1, -1], [-1, -1, -1], [-1, -1, -1]]\n```\nThe current game state is:\n```\nGame State: [[-1, -1, -1], [-1, -1, -1], [-1, -1, -1]]\n```\nThe current game state is:\n```\nGame State: [[-1, -1, -1], [-1, -1, -1], [-1, -1, -1]]\n```\nThe current game state is:\n```\nGame State: [[-1, -1, -1], [-1, -1, -1], [-1, -1, -1]]\n```\nThe current game state is:\n```\nGame State: [[-1, -1, -1], [-1, -1, -1], [-1, -1, -1]]\n```\nThe current game state is:\n```\nGame State: [[-1, -1, -1"
            },
            {
                "raw": "\n\nBased on the given screenshot, the current game state is:\nGame State: [[1, 1, -1], [-1, -1, 0], [0, 1, -1]]\n"
            },
            {
                "raw": "\n\nIn this case, the board is:\n```\n  0 1 2\n0 0 0 -1\n1 0 0 -1\n2 0 0 -1\n```\nGame State: [[0, 0, -1], [0, 0, -1], [0, 0, -1]]\n"
            },
            {
                "raw": "\n\nIn this case, the board is:\n[[0, 0, 0], [X, X, 0], [0, X, X]]\nSo the answer is:\nGame State: [[0, 0, 0], [1, 1, 0], [0, 1, 1]]\n"
            },
            {
                "raw": "\n\nIn this case, the board is:\n```\n  0 0 0\n  X 0 0\n  0 X X\n```\nSo the board matrix is:\n```\nGame State: [[0, 0, 0], [1, 0, 0], [0, 1, 1]]\n```\n"
            },
            {
                "raw": "\n\n```python\ndef solve():\n    board = [\n        [1, -1, -1],\n        [-1, 1, 0],\n        [0, -1, 1]\n    ]\n    print(\"Game State:\", board)\n\nsolve()\n```\n\n```\nGame State: [[1, -1, -1], [-1, 1, 0], [0, -1, 1]]\n```"
            },
            {
                "raw": "\n\nGame State: [[0, 1, 0], [1, 0, 1], [0, 1, 0]]\n"
            },
            {
                "raw": "\n\nBased on the given screenshot, the current game state is:\nGame State: [[1, -1, 1], [0, 0, 1], [0, -1, 0]]\n"
            },
            {
                "raw": "\n\nBased on the given screenshot, the current game state is:\nGame State: [[1, 0, 0], [1, 1, 1], [0, 1, 0]]\n"
            },
            {
                "raw": "\n\nIn this case, the board is:\n```\nX O -\nX O O\nX - X\n```\nSo the board matrix is:\n```\n[1, 0, -1]\n[1, 0, 0]\n[1, -1, 1]\n```\nGame State: [[1, 0, -1], [1, 0, 0], [1, -1, 1]]\n"
            },
            {
                "raw": "\n\n```python\ndef solve():\n    board = [\n        [1, -1, -1],\n        [1, 0, -1],\n        [0, 1, -1]\n    ]\n    print(\"Game State:\", board)\n\nsolve()\n```\n\n```\nGame State: [[1, -1, -1], [1, 0, -1], [0, 1, -1]]\n```"
            },
            {
                "raw": "\n\n```python\ndef solve():\n    board = [\n        [1, 1, -1],\n        [0, -1, -1],\n        [0, 1, 0]\n    ]\n    print(\"Game State:\", board)\n\nsolve()\n```\n"
            },
            {
                "raw": "\n\nIn the given screenshot, the board is:\n```\nX X X\nX O 0\nX 0 0\n```\nThe board matrix is:\n```\n[[1, 1, 1], [1, 0, 0], [1, 0, 0]]\n```\nGame State: [[1, 1, 1], [1, 0, 0], [1, 0, 0]]\n"
            },
            {
                "raw": "\n\n```python\ndef solve():\n    board = [\n        [1, 0, 1],\n        [1, 0, 0],\n        [0, 0, 0]\n    ]\n    print(\"Game State:\", board)\n\nsolve()\n```\n\n```\nGame State: [[1, 0, 1], [1, 0, 0], [0, 0, 0]]\n```"
            },
            {
                "raw": "\n\n```python\ndef solve():\n    board = [\n        [1, 0, 1],\n        [0, 1, 0],\n        [0, 0, 0]\n    ]\n    print(\"Game State:\", board)\n\nsolve()\n```\n\n```\nGame State: [[1, 0, 1], [0, 1, 0], [0, 0, 0]]\n```"
            },
            {
                "raw": "\n\nBased on the given screenshot, the current game state is:\nGame State: [[0, 1, 0], [1, 0, 1], [1, 1, 0]]\n"
            },
            {
                "raw": "\n\n```python\ndef solve():\n    board = [\n        [1, -1, -1],\n        [0, -1, 1],\n        [0, -1, -1]\n    ]\n    print(\"Game State:\", board)\n\nsolve()\n```"
            },
            {
                "raw": "\n\nBased on the given screenshot, the current game state is:\nGame State: [[1, 0, 1], [0, 1, 0], [0, 0, 0]]\n"
            },
            {
                "raw": "\n\n```python\ndef solve():\n    board = [\n        [1, -1, -1],\n        [0, 1, -1],\n        [-1, -1, 0]\n    ]\n    print(\"Game State:\", board)\n\nsolve()\n```\n"
            },
            {
                "raw": "\n\n```python\ndef solve():\n    board = [\n        [0, 0, 0],\n        [0, 0, 0],\n        [0, 0, 0]\n    ]\n    \n    print(\"Game State:\", board)\n\nsolve()\n```\n"
            },
            {
                "raw": "\n\nIn this case, the board is:\n```\n0 0 X\n0 X 0\nX -1 -1\n```\nSo the answer is:\nGame State: [[0, 0, 1], [0, 1, 0], [1, -1, -1]]\n"
            },
            {
                "raw": "\n\n```python\ndef solve():\n    board = [\n        [0, -1, 0],\n        [1, 0, -1],\n        [-1, 1, 0]\n    ]\n    print(\"Game State:\", board)\n\nsolve()\n```\n"
            }
        ]
    }
}