{
    "perceive": {
        "tictactoe": [
            {
                "raw": "Let's analyze the game board step by step:\n\n1. **Top Row (A):**\n   - Left cell: Empty\n   - Middle cell: X\n   - Right cell: X\n\n2. **Middle Row (B):**\n   - Left cell: O\n   - Middle cell: O\n   - Right cell: Empty\n\n3. **Bottom Row (C):**\n   - Left cell: Empty\n   - Middle cell: O\n   - Right cell: X\n\nNow, let's convert this into the required 3x3 matrix format:\n- Empty cells are represented by -1\n- X is represented by 1\n- O is represented by 0\n\nSo, the matrix becomes:\n```\n[[-1, 1, 1],\n [0, 0, -1],\n [-1, 0, 1]]\n```\n\nTherefore, the game state is:\nGame State: [[-1, 1, 1], [0, 0, -1], [-1, 0, 1]]"
            },
            {
                "raw": "Let's analyze the game board step by step:\n\n1. **Top Row (A):**\n   - First cell: O\n   - Second cell: O\n   - Third cell: Empty\n\n2. **Middle Row (B):**\n   - First cell: Empty\n   - Second cell: O\n   - Third cell: X\n\n3. **Bottom Row (C):**\n   - First cell: Empty\n   - Second cell: X\n   - Third cell: X\n\nNow, let's convert this into the required matrix format:\n- O is represented by 0\n- X is represented by 1\n- Empty is represented by -1\n\nSo, the matrix becomes:\n```\n[[0, 0, -1],\n [-1, 0, 1],\n [-1, 1, 1]]\n```\n\nTherefore, the game state is:\nGame State: [[0, 0, -1], [-1, 0, 1], [-1, 1, 1]]"
            },
            {
                "raw": "Let's analyze the game board step by step:\n\n1. **Top Row (A):**\n   - Left cell: Empty\n   - Middle cell: X\n   - Right cell: O\n\n2. **Middle Row (B):**\n   - Left cell: O\n   - Middle cell: X\n   - Right cell: Empty\n\n3. **Bottom Row (C):**\n   - Left cell: O\n   - Middle cell: Empty\n   - Right cell: X\n\nNow, let's convert this into the required 3x3 matrix format:\n- Empty cells are represented by -1\n- X is represented by 1\n- O is represented by 0\n\nSo, the matrix becomes:\n```\n[[-1, 1, 0],\n [0, 1, -1],\n [0, -1, 1]]\n```\n\nTherefore, the game state is:\nGame State: [[-1, 1, 0], [0, 1, -1], [0, -1, 1]]"
            },
            {
                "raw": "Let's analyze the game board step by step:\n\n1. **Top Row (A):**\n   - First cell: X\n   - Second cell: O\n   - Third cell: O\n\n2. **Middle Row (B):**\n   - First cell: Empty\n   - Second cell: X\n   - Third cell: Empty\n\n3. **Bottom Row (C):**\n   - First cell: O\n   - Second cell: Empty\n   - Third cell: X\n\nNow, let's convert this into the required matrix format:\n- X is represented by 1\n- O is represented by 0\n- Empty is represented by -1\n\nSo, the matrix becomes:\n```\n[[1, 0, 0],\n [-1, 1, -1],\n [0, -1, 1]]\n```\n\nTherefore, the game state is:\nGame State: [[1, 0, 0], [-1, 1, -1], [0, -1, 1]]"
            },
            {
                "raw": "Let's analyze the game board step by step:\n\n1. **Top Row (A):** All cells are empty.\n   - A1: -1\n   - A2: -1\n   - A3: -1\n\n2. **Middle Row (B):** \n   - B1: O (0)\n   - B2: X (1)\n   - B3: X (1)\n\n3. **Bottom Row (C):**\n   - C1: X (1)\n   - C2: O (0)\n   - C3: O (0)\n\nNow, let's construct the 3x3 matrix:\n\n- First row: [-1, -1, -1]\n- Second row: [0, 1, 1]\n- Third row: [1, 0, 0]\n\nSo, the game state matrix is:\n\n\\[\n\\begin{bmatrix}\n-1 & -1 & -1 \\\\\n0 & 1 & 1 \\\\\n1 & 0 & 0\n\\end{bmatrix}\n\\]\n\nTherefore, the final answer is:\n\n\\[\n\\boxed{\\begin{bmatrix}\n-1 & -1 & -1 \\\\\n0 & 1 & 1 \\\\\n1 & 0 & 0\n\\end{bmatrix}}\n\\]"
            },
            {
                "raw": "Let's analyze the game board step by step:\n\n1. **Top Row (A):**\n   - Left cell: Empty\n   - Middle cell: X\n   - Right cell: O\n\n2. **Middle Row (B):**\n   - Left cell: X\n   - Middle cell: Empty\n   - Right cell: O\n\n3. **Bottom Row (C):**\n   - Left cell: O\n   - Middle cell: Empty\n   - Right cell: X\n\nNow, let's convert this into the required matrix format:\n- Empty cells are represented by -1\n- X is represented by 1\n- O is represented by 0\n\nSo, the matrix representation is:\n```\n[[-1, 1, 0],\n [-1, -1, 0],\n [0, -1, 1]]\n```\n\nTherefore, the game state is:\nGame State: [[-1, 1, 0], [-1, -1, 0], [0, -1, 1]]"
            },
            {
                "raw": "Let's analyze the game board step by step:\n\n1. **Top Row (A):**\n   - First cell: X\n   - Second cell: O\n   - Third cell: X\n\n2. **Middle Row (B):**\n   - First cell: X\n   - Second cell: O\n   - Third cell: Empty\n\n3. **Bottom Row (C):**\n   - First cell: O\n   - Second cell: Empty\n   - Third cell: Empty\n\nNow, let's convert this into the required matrix format:\n- X is represented by 1\n- O is represented by 0\n- Empty is represented by -1\n\nSo, the matrix becomes:\n```\n[[1, 0, 1],\n [1, 0, -1],\n [0, -1, -1]]\n```\n\nTherefore, the game state is:\nGame State: [[1, 0, 1], [1, 0, -1], [0, -1, -1]]"
            },
            {
                "raw": "Let's analyze the game board step by step:\n\n1. **Top Row (A):**\n   - First cell: O\n   - Second cell: O\n   - Third cell: Empty\n\n2. **Middle Row (B):**\n   - First cell: X\n   - Second cell: Empty\n   - Third cell: Empty\n\n3. **Bottom Row (C):**\n   - First cell: O\n   - Second cell: X\n   - Third cell: X\n\nNow, let's convert this into the required matrix format:\n- O is represented by 0\n- X is represented by 1\n- Empty is represented by -1\n\nSo, the matrix becomes:\n```\n[[0, 0, -1],\n [1, -1, -1],\n [0, 1, 1]]\n```\n\nTherefore, the game state is:\nGame State: [[0, 0, -1], [1, -1, -1], [0, 1, 1]]"
            },
            {
                "raw": "Let's analyze the game board step by step:\n\n1. **Top Row (A):**\n   - Left cell: Empty\n   - Middle cell: X\n   - Right cell: Empty\n\n2. **Middle Row (B):**\n   - Left cell: O\n   - Middle cell: X\n   - Right cell: O\n\n3. **Bottom Row (C):**\n   - Left cell: O\n   - Middle cell: X\n   - Right cell: Empty\n\nNow, let's convert this into the required 3x3 matrix format:\n- Empty cells are represented by -1\n- X is represented by 1\n- O is represented by 0\n\nSo, the matrix becomes:\n```\n[[-1, 1, -1],\n [0, 1, 0],\n [0, 1, -1]]\n```\n\nTherefore, the game state is:\nGame State: [[-1, 1, -1], [0, 1, 0], [0, 1, -1]]"
            },
            {
                "raw": "Let's analyze the game board step by step:\n\n1. **Top Row (A):**\n   - First cell: X\n   - Second cell: Empty\n   - Third cell: Empty\n\n2. **Middle Row (B):**\n   - First cell: X\n   - Second cell: X\n   - Third cell: O\n\n3. **Bottom Row (C):**\n   - First cell: Empty\n   - Second cell: O\n   - Third cell: O\n\nNow, let's convert this into the required 3x3 matrix format:\n- X is represented by 1\n- O is represented by 0\n- Empty is represented by -1\n\nSo, the matrix becomes:\n```\n[[1, -1, -1],\n [1, 1, 0],\n [-1, 0, 0]]\n```\n\nTherefore, the game state is:\nGame State: [[1, -1, -1], [1, 1, 0], [-1, 0, 0]]"
            },
            {
                "raw": "Let's analyze the game board step by step:\n\n1. **Top Row (A):**\n   - First cell: X\n   - Second cell: O\n   - Third cell: Empty\n\n2. **Middle Row (B):**\n   - First cell: X\n   - Second cell: X\n   - Third cell: O\n\n3. **Bottom Row (C):**\n   - First cell: O\n   - Second cell: Empty\n   - Third cell: Empty\n\nNow, let's convert this into the required matrix format:\n- X is represented by 1\n- O is represented by 0\n- Empty is represented by -1\n\nSo, the matrix becomes:\n```\n[[1, 0, -1],\n [1, 1, 0],\n [0, -1, -1]]\n```\n\nTherefore, the game state is:\nGame State: [[1, 0, -1], [1, 1, 0], [0, -1, -1]]"
            },
            {
                "raw": "Let's analyze the game board step by step:\n\n1. **Top Row (A):**\n   - Left cell: Empty\n   - Middle cell: Empty\n   - Right cell: X\n\n2. **Middle Row (B):**\n   - Left cell: O\n   - Middle cell: Empty\n   - Right cell: X\n\n3. **Bottom Row (C):**\n   - Left cell: O\n   - Middle cell: X\n   - Right cell: O\n\nNow, let's convert this into the required matrix format:\n- Empty cells are represented by -1\n- X is represented by 1\n- O is represented by 0\n\nSo, the matrix becomes:\n```\n[[-1, -1, 1],\n [-1, -1, 1],\n [0, 1, 0]]\n```\n\nTherefore, the game state is:\nGame State: [[-1, -1, 1], [-1, -1, 1], [0, 1, 0]]"
            },
            {
                "raw": "Let's analyze the game board step by step:\n\n1. **Top Row (A):**\n   - First cell: O (0)\n   - Second cell: O (0)\n   - Third cell: X (1)\n\n2. **Middle Row (B):**\n   - First cell: X (1)\n   - Second cell: Empty (-1)\n   - Third cell: Empty (-1)\n\n3. **Bottom Row (C):**\n   - First cell: X (1)\n   - Second cell: O (0)\n   - Third cell: Empty (-1)\n\nNow, let's construct the 3x3 matrix based on the above observations:\n\n\\[\n\\begin{bmatrix}\n0 & 0 & 1 \\\\\n1 & -1 & -1 \\\\\n1 & 0 & -1 \\\\\n\\end{bmatrix}\n\\]\n\nSo, the game state is:\n\n\\[\n\\boxed{\\begin{bmatrix}\n0 & 0 & 1 \\\\\n1 & -1 & -1 \\\\\n1 & 0 & -1 \\\\\n\\end{bmatrix}}\n\\]"
            },
            {
                "raw": "Let's analyze the game board step by step:\n\n1. **Top Row (A):**\n   - Left cell: Empty\n   - Middle cell: X\n   - Right cell: Empty\n\n2. **Middle Row (B):**\n   - Left cell: O\n   - Middle cell: O\n   - Right cell: X\n\n3. **Bottom Row (C):**\n   - Left cell: X\n   - Middle cell: Empty\n   - Right cell: O\n\nNow, let's convert this into the required 3x3 matrix format:\n- Empty cells are represented by -1\n- X is represented by 1\n- O is represented by 0\n\nSo, the matrix becomes:\n```\n[[-1, 1, -1],\n [0, 0, 1],\n [1, -1, 0]]\n```\n\nTherefore, the game state is:\nGame State: [[-1, 1, -1], [0, 0, 1], [1, -1, 0]]"
            },
            {
                "raw": "Let's analyze the game board step by step:\n\n1. **Top Row (A):**\n   - Left cell: Empty\n   - Middle cell: X\n   - Right cell: X\n\n2. **Middle Row (B):**\n   - Left cell: Empty\n   - Middle cell: O\n   - Right cell: Empty\n\n3. **Bottom Row (C):**\n   - Left cell: O\n   - Middle cell: X\n   - Right cell: O\n\nNow, let's convert this into the required 3x3 matrix format:\n- Empty cells are represented by -1\n- X is represented by 1\n- O is represented by 0\n\nSo, the matrix becomes:\n```\n[[-1, 1, 1],\n [-1, 0, -1],\n [0, 1, 0]]\n```\n\nTherefore, the game state is:\nGame State: [[-1, 1, 1], [-1, 0, -1], [0, 1, 0]]"
            },
            {
                "raw": "Let's analyze the game board step by step:\n\n1. **Top Row (A):**\n   - A1: X\n   - A2: X\n   - A3: X\n\n2. **Middle Row (B):**\n   - B1: O\n   - B2: O\n   - B3: (Empty)\n\n3. **Bottom Row (C):**\n   - C1: (Empty)\n   - C2: O\n   - C3: (Empty)\n\nNow, let's convert this into the required 3x3 matrix format:\n- X is represented by 1\n- O is represented by 0\n- Empty is represented by -1\n\nSo, the matrix becomes:\n```\n[[1, 1, 1],\n [0, 0, -1],\n [-1, 0, -1]]\n```\n\nTherefore, the game state is:\nGame State: [[1, 1, 1], [0, 0, -1], [-1, 0, -1]]"
            },
            {
                "raw": "Let's analyze the game board step by step:\n\n1. **Top Row (A):**\n   - Left cell: O\n   - Middle cell: Empty\n   - Right cell: X\n\n2. **Middle Row (B):**\n   - Left cell: X\n   - Middle cell: Empty\n   - Right cell: O\n\n3. **Bottom Row (C):**\n   - Left cell: X\n   - Middle cell: O\n   - Right cell: Empty\n\nNow, let's convert this into the required matrix format:\n- O is represented by 0\n- X is represented by 1\n- Empty is represented by -1\n\nSo, the matrix representation is:\n```\n[[0, -1, 1],\n [1, -1, 0],\n [1, 0, -1]]\n```\n\nTherefore, the game state is:\nGame State: [[0, -1, 1], [1, -1, 0], [1, 0, -1]]"
            },
            {
                "raw": "Let's analyze the game board step by step:\n\n1. **Top Row (A):**\n   - Left cell: Empty\n   - Middle cell: O\n   - Right cell: Empty\n\n2. **Middle Row (B):**\n   - Left cell: Empty\n   - Middle cell: X\n   - Right cell: O\n\n3. **Bottom Row (C):**\n   - Left cell: X\n   - Middle cell: X\n   - Right cell: O\n\nNow, let's convert this into the required matrix format:\n- Empty cells are represented by -1\n- X is represented by 1\n- O is represented by 0\n\nSo, the matrix becomes:\n```\n[[-1, 0, -1],\n [-1, 1, 0],\n [1, 1, 0]]\n```\n\nTherefore, the game state is:\nGame State: [[-1, 0, -1], [-1, 1, 0], [1, 1, 0]]"
            },
            {
                "raw": "Let's analyze the game board step by step:\n\n1. **Top Row (A):**\n   - First cell: X\n   - Second cell: O\n   - Third cell: Empty\n\n2. **Middle Row (B):**\n   - First cell: Empty\n   - Second cell: X\n   - Third cell: O\n\n3. **Bottom Row (C):**\n   - First cell: Empty\n   - Second cell: X\n   - Third cell: O\n\nNow, let's convert this into the required matrix format:\n- X is represented by 1\n- O is represented by 0\n- Empty is represented by -1\n\nSo, the matrix becomes:\n```\n[[1, 0, -1],\n [ -1, 1, 0],\n [ -1, 1, 0]]\n```\n\nTherefore, the game state is:\nGame State: [[1, 0, -1], [-1, 1, 0], [-1, 1, 0]]"
            },
            {
                "raw": "Let's analyze the game board step by step:\n\n1. **Top Row (A):**\n   - Left cell: Empty\n   - Middle cell: O\n   - Right cell: Empty\n\n2. **Middle Row (B):**\n   - Left cell: O\n   - Middle cell: X\n   - Right cell: Empty\n\n3. **Bottom Row (C):**\n   - Left cell: X\n   - Middle cell: X\n   - Right cell: O\n\nNow, let's convert this into the required 3x3 matrix format:\n- Empty cells are represented by -1\n- X is represented by 1\n- O is represented by 0\n\nSo, the matrix becomes:\n```\n[[-1, 0, -1],\n [0, 1, -1],\n [1, 1, 0]]\n```\n\nTherefore, the game state is:\nGame State: [[-1, 0, -1], [0, 1, -1], [1, 1, 0]]"
            },
            {
                "raw": "Let's analyze the game board step by step:\n\n1. **Top Row (A):**\n   - Left cell: Empty\n   - Middle cell: O\n   - Right cell: O\n\n2. **Middle Row (B):**\n   - Left cell: X\n   - Middle cell: X\n   - Right cell: X\n\n3. **Bottom Row (C):**\n   - Left cell: Empty\n   - Middle cell: Empty\n   - Right cell: O\n\nNow, let's convert this into the required 3x3 matrix format:\n- Empty cells are represented by -1\n- X is represented by 1\n- O is represented by 0\n\nSo, the matrix will be:\n```\n[[-1, 0, 0],\n [1, 1, 1],\n [-1, -1, 0]]\n```\n\nTherefore, the game state is:\nGame State: [[-1, 0, 0], [1, 1, 1], [-1, -1, 0]]"
            },
            {
                "raw": "Let's analyze the game board step by step:\n\n1. **Top Row (A):**\n   - A1: O\n   - A2: Empty\n   - A3: X\n\n2. **Middle Row (B):**\n   - B1: Empty\n   - B2: X\n   - B3: Empty\n\n3. **Bottom Row (C):**\n   - C1: O\n   - C2: X\n   - C3: O\n\nNow, let's convert this into the required matrix format:\n- O is represented by 0\n- X is represented by 1\n- Empty is represented by -1\n\nSo, the matrix becomes:\n```\n[[0, -1, 1],\n [-1, 1, -1],\n [0, 1, 0]]\n```\n\nTherefore, the game state is:\nGame State: [[0, -1, 1], [-1, 1, -1], [0, 1, 0]]"
            },
            {
                "raw": "Let's analyze the game board step by step:\n\n1. **Top Row (A):**\n   - First cell: O (0)\n   - Second cell: O (0)\n   - Third cell: X (1)\n\n2. **Middle Row (B):**\n   - First cell: Empty (-1)\n   - Second cell: X (1)\n   - Third cell: O (0)\n\n3. **Bottom Row (C):**\n   - First cell: Empty (-1)\n   - Second cell: Empty (-1)\n   - Third cell: X (1)\n\nNow, let's construct the 3x3 matrix based on the above observations:\n\n- First row: [0, 0, 1]\n- Second row: [-1, 1, 0]\n- Third row: [-1, -1, 1]\n\nSo, the game state matrix is:\n\n\\[\n\\begin{bmatrix}\n0 & 0 & 1 \\\\\n-1 & 1 & 0 \\\\\n-1 & -1 & 1 \\\\\n\\end{bmatrix}\n\\]\n\nTherefore, the final answer is:\n\n\\[\n\\boxed{\\begin{bmatrix}\n0 & 0 & 1 \\\\\n-1 & 1 & 0 \\\\\n-1 & -1 & 1 \\\\\n\\end{bmatrix}}\n\\]"
            },
            {
                "raw": "Let's analyze the game board step by step:\n\n1. **Top Row (A):**\n   - Left cell: Empty\n   - Middle cell: O\n   - Right cell: Empty\n\n2. **Middle Row (B):**\n   - Left cell: O\n   - Middle cell: X\n   - Right cell: O\n\n3. **Bottom Row (C):**\n   - Left cell: X\n   - Middle cell: X\n   - Right cell: Empty\n\nNow, let's convert this into the required 3x3 matrix format:\n- Empty cells are represented by -1\n- X is represented by 1\n- O is represented by 0\n\nSo, the matrix becomes:\n```\n[[-1, 0, -1],\n [0, 1, 0],\n [1, 1, -1]]\n```\n\nTherefore, the game state is:\nGame State: [[-1, 0, -1], [0, 1, 0], [1, 1, -1]]"
            },
            {
                "raw": "Let's analyze the game board step by step:\n\n1. **Top Row (A):**\n   - First cell: X\n   - Second cell: X\n   - Third cell: Empty\n\n2. **Middle Row (B):**\n   - First cell: X\n   - Second cell: Empty\n   - Third cell: O\n\n3. **Bottom Row (C):**\n   - First cell: Empty\n   - Second cell: O\n   - Third cell: O\n\nNow, let's convert this into the required matrix format:\n- X is represented by 1\n- O is represented by 0\n- Empty is represented by -1\n\nSo, the matrix becomes:\n```\n[[1, 1, -1],\n [1, -1, 0],\n [-1, 0, 0]]\n```\n\nTherefore, the game state is:\nGame State: [[1, 1, -1], [1, -1, 0], [-1, 0, 0]]"
            },
            {
                "raw": "Let's analyze the game board step by step:\n\n1. **Top Row (A):**\n   - A1: O (represents 0)\n   - A2: X (represents 1)\n   - A3: X (represents 1)\n\n2. **Middle Row (B):**\n   - B1: X (represents 1)\n   - B2: Empty (represents -1)\n   - B3: O (represents 0)\n\n3. **Bottom Row (C):**\n   - C1: O (represents 0)\n   - C2: Empty (represents -1)\n   - C3: Empty (represents -1)\n\nNow, let's construct the 3x3 matrix based on the above observations:\n\n- First row: [0, 1, 1]\n- Second row: [1, -1, 0]\n- Third row: [0, -1, -1]\n\nThus, the game state matrix is:\n\n\\[\n\\boxed{\\begin{bmatrix}\n0 & 1 & 1 \\\\\n1 & -1 & 0 \\\\\n0 & -1 & -1\n\\end{bmatrix}}\n\\]"
            },
            {
                "raw": "Let's analyze the game board step by step:\n\n1. **Top Row (A):**\n   - First cell: O (represents 0)\n   - Second cell: X (represents 1)\n   - Third cell: O (represents 0)\n\n2. **Middle Row (B):**\n   - First cell: X (represents 1)\n   - Second cell: O (represents 0)\n   - Third cell: X (represents 1)\n\n3. **Bottom Row (C):**\n   - All cells are empty (represents -1)\n\nNow, let's construct the 3x3 matrix based on the above observations:\n\n- First row: [0, 1, 0]\n- Second row: [1, 0, 1]\n- Third row: [-1, -1, -1]\n\nSo, the game state matrix is:\n\n\\[\n\\begin{bmatrix}\n0 & 1 & 0 \\\\\n1 & 0 & 1 \\\\\n-1 & -1 & -1\n\\end{bmatrix}\n\\]\n\nTherefore, the final answer is:\n\n\\[\n\\boxed{\\begin{bmatrix}\n0 & 1 & 0 \\\\\n1 & 0 & 1 \\\\\n-1 & -1 & -1\n\\end{bmatrix}}\n\\]"
            },
            {
                "raw": "Let's analyze the game board step by step:\n\n1. **Top Row (A):**\n   - Left cell: Empty\n   - Middle cell: X\n   - Right cell: Empty\n\n2. **Middle Row (B):**\n   - Left cell: O\n   - Middle cell: Empty\n   - Right cell: X\n\n3. **Bottom Row (C):**\n   - Left cell: X\n   - Middle cell: O\n   - Right cell: O\n\nNow, let's convert this into the required matrix format:\n- Empty cells are represented by -1\n- X is represented by 1\n- O is represented by 0\n\nSo, the matrix representation is:\n```\n[[-1, 1, -1],\n [0, -1, 1],\n [1, 0, 0]]\n```\n\nTherefore, the game state is:\nGame State: [[-1, 1, -1], [0, -1, 1], [1, 0, 0]]"
            },
            {
                "raw": "Let's analyze the game board step by step:\n\n1. **Top Row (A):**\n   - Column 1: O\n   - Column 2: X\n   - Column 3: Empty\n\n2. **Middle Row (B):**\n   - Column 1: Empty\n   - Column 2: O\n   - Column 3: Empty\n\n3. **Bottom Row (C):**\n   - Column 1: X\n   - Column 2: O\n   - Column 3: X\n\nNow, let's convert this into the required matrix format:\n- O is represented by 0\n- X is represented by 1\n- Empty is represented by -1\n\nSo, the matrix becomes:\n```\n[[0, 1, -1],\n [-1, 0, -1],\n [1, 0, 1]]\n```\n\nTherefore, the game state is:\nGame State: [[0, 1, -1], [-1, 0, -1], [1, 0, 1]]"
            },
            {
                "raw": "Let's analyze the game board step by step:\n\n1. **Top Row (A):**\n   - Left cell: Empty\n   - Middle cell: O\n   - Right cell: X\n\n2. **Middle Row (B):**\n   - Left cell: Empty\n   - Middle cell: O\n   - Right cell: O\n\n3. **Bottom Row (C):**\n   - Left cell: X\n   - Middle cell: X\n   - Right cell: Empty\n\nNow, let's convert this into the required matrix format:\n- Empty cells are represented by -1\n- X is represented by 1\n- O is represented by 0\n\nSo, the matrix representation is:\n```\n[[-1, 0, 1],\n [-1, 0, 0],\n [1, 1, -1]]\n```\n\nTherefore, the game state is:\nGame State: [[-1, 0, 1], [-1, 0, 0], [1, 1, -1]]"
            },
            {
                "raw": "Let's analyze the game board step by step:\n\n1. **Top Row (A):**\n   - Column 1: O\n   - Column 2: X\n   - Column 3: X\n\n2. **Middle Row (B):**\n   - Column 1: Empty\n   - Column 2: O\n   - Column 3: Empty\n\n3. **Bottom Row (C):**\n   - Column 1: O\n   - Column 2: Empty\n   - Column 3: X\n\nNow, let's convert this into the required matrix format:\n- O is represented by 0\n- X is represented by 1\n- Empty is represented by -1\n\nSo, the matrix becomes:\n```\n[[0, 1, 1],\n [-1, 0, -1],\n [0, -1, 1]]\n```\n\nTherefore, the game state is:\nGame State: [[0, 1, 1], [-1, 0, -1], [0, -1, 1]]"
            },
            {
                "raw": "Let's analyze the game board step by step:\n\n1. **Top Row (A):**\n   - First cell: X\n   - Second cell: O\n   - Third cell: X\n\n2. **Middle Row (B):**\n   - First cell: X\n   - Second cell: Empty\n   - Third cell: Empty\n\n3. **Bottom Row (C):**\n   - First cell: O\n   - Second cell: O\n   - Third cell: Empty\n\nNow, let's convert this into the required 3x3 matrix format:\n- X is represented by 1\n- O is represented by 0\n- Empty is represented by -1\n\nSo, the matrix becomes:\n```\n[[1, 0, 1],\n [1, -1, -1],\n [0, 0, -1]]\n```\n\nTherefore, the game state is:\nGame State: [[1, 0, 1], [1, -1, -1], [0, 0, -1]]"
            },
            {
                "raw": "Let's analyze the game board step by step:\n\n1. The board is a 3x3 grid.\n2. We need to convert the symbols to the specified format:\n   - Empty cell: -1\n   - X: 1\n   - O: 0\n\nLet's fill in the matrix based on the image:\n\n- Row A: O, O, O\n- Row B: X, (empty), X\n- Row C: (empty), (empty), X\n\nNow, let's convert these to the required format:\n\n- Row A: 0, 0, 0\n- Row B: 1, -1, 1\n- Row C: -1, -1, 1\n\nSo, the game state matrix is:\n\n\\[\n\\begin{bmatrix}\n0 & 0 & 0 \\\\\n1 & -1 & 1 \\\\\n-1 & -1 & 1 \\\\\n\\end{bmatrix}\n\\]\n\nTherefore, the final answer is:\n\n\\[\n\\boxed{\\begin{bmatrix}\n0 & 0 & 0 \\\\\n1 & -1 & 1 \\\\\n-1 & -1 & 1 \\\\\n\\end{bmatrix}}\n\\]"
            },
            {
                "raw": "Let's analyze the game board step by step:\n\n1. **Top Row (A):**\n   - A1: X\n   - A2: Empty\n   - A3: X\n\n2. **Middle Row (B):**\n   - B1: Empty\n   - B2: X\n   - B3: O\n\n3. **Bottom Row (C):**\n   - C1: O\n   - C2: Empty\n   - C3: O\n\nNow, let's convert this into the required 3x3 matrix format:\n- X is represented by 1\n- O is represented by 0\n- Empty is represented by -1\n\nSo, the matrix becomes:\n```\n[[1, -1, 1],\n [ -1, 1, 0],\n [0, -1, 0]]\n```\n\nTherefore, the game state is:\nGame State: [[1, -1, 1], [-1, 1, 0], [0, -1, 0]]"
            },
            {
                "raw": "Let's analyze the game board step by step:\n\n1. **Top Row (A):**\n   - Column 1: O\n   - Column 2: Empty\n   - Column 3: Empty\n\n2. **Middle Row (B):**\n   - Column 1: O\n   - Column 2: X\n   - Column 3: X\n\n3. **Bottom Row (C):**\n   - Column 1: Empty\n   - Column 2: X\n   - Column 3: O\n\nNow, let's convert this into the required matrix format:\n- O is represented by 0\n- X is represented by 1\n- Empty is represented by -1\n\nSo, the matrix becomes:\n```\n[[0, -1, -1],\n [0, 1, 1],\n [-1, 1, 0]]\n```\n\nTherefore, the game state is:\nGame State: [[0, -1, -1], [0, 1, 1], [-1, 1, 0]]"
            },
            {
                "raw": "Let's analyze the game board step by step:\n\n1. **Top Row (A):**\n   - Column 1: X\n   - Column 2: Empty\n   - Column 3: Empty\n\n2. **Middle Row (B):**\n   - Column 1: O\n   - Column 2: O\n   - Column 3: X\n\n3. **Bottom Row (C):**\n   - Column 1: Empty\n   - Column 2: O\n   - Column 3: X\n\nNow, let's convert this into the required matrix format:\n- X is represented by 1\n- O is represented by 0\n- Empty is represented by -1\n\nSo, the matrix becomes:\n```\n[[1, -1, -1],\n [0, 0, 1],\n [-1, 0, 1]]\n```\n\nTherefore, the game state is:\nGame State: [[1, -1, -1], [0, 0, 1], [-1, 0, 1]]"
            },
            {
                "raw": "Let's analyze the game board step by step:\n\n1. **Top Row (A):**\n   - Column 1: Empty\n   - Column 2: Empty\n   - Column 3: X\n\n2. **Middle Row (B):**\n   - Column 1: O\n   - Column 2: X\n   - Column 3: Empty\n\n3. **Bottom Row (C):**\n   - Column 1: X\n   - Column 2: O\n   - Column 3: O\n\nNow, let's convert this into the required matrix format:\n- Empty cells are represented by -1\n- X is represented by 1\n- O is represented by 0\n\nSo, the matrix becomes:\n```\n[[-1, -1, 1],\n [-1, 1, -1],\n [1, 0, 0]]\n```\n\nTherefore, the game state is:\nGame State: [[-1, -1, 1], [-1, 1, -1], [1, 0, 0]]"
            },
            {
                "raw": "Let's analyze the game board step by step:\n\n1. **Top Row (A):**\n   - First cell: O\n   - Second cell: X\n   - Third cell: O\n\n2. **Middle Row (B):**\n   - First cell: Empty\n   - Second cell: X\n   - Third cell: Empty\n\n3. **Bottom Row (C):**\n   - First cell: X\n   - Second cell: Empty\n   - Third cell: O\n\nNow, let's convert this into the required matrix format:\n- O is represented by 0\n- X is represented by 1\n- Empty is represented by -1\n\nSo, the matrix becomes:\n```\n[[0, 1, 0],\n [-1, 1, -1],\n [1, -1, 0]]\n```\n\nTherefore, the game state is:\nGame State: [[0, 1, 0], [-1, 1, -1], [1, -1, 0]]"
            },
            {
                "raw": "Let's analyze the game board step by step:\n\n1. **Top Row (A):**\n   - Left cell: Empty\n   - Middle cell: Empty\n   - Right cell: O\n\n2. **Middle Row (B):**\n   - Left cell: Empty\n   - Middle cell: X\n   - Right cell: O\n\n3. **Bottom Row (C):**\n   - Left cell: X\n   - Middle cell: X\n   - Right cell: O\n\nNow, let's convert this into the required matrix format:\n- Empty cells are represented by -1\n- X is represented by 1\n- O is represented by 0\n\nSo, the matrix becomes:\n```\n[[-1, -1, 0],\n [-1, 1, 0],\n [1, 1, 0]]\n```\n\nTherefore, the game state is:\nGame State: [[-1, -1, 0], [-1, 1, 0], [1, 1, 0]]"
            },
            {
                "raw": "Let's analyze the game board step by step:\n\n1. **Top Row (A):**\n   - Left cell: Empty\n   - Middle cell: O\n   - Right cell: X\n\n2. **Middle Row (B):**\n   - Left cell: Empty\n   - Middle cell: X\n   - Right cell: X\n\n3. **Bottom Row (C):**\n   - Left cell: Empty\n   - Middle cell: O\n   - Right cell: O\n\nNow, let's convert this into the required matrix format:\n- Empty cells are represented by -1\n- X is represented by 1\n- O is represented by 0\n\nSo, the matrix becomes:\n```\n[[-1, 0, 1],\n [-1, 1, 1],\n [-1, 0, 0]]\n```\n\nTherefore, the game state is:\nGame State: [[-1, 0, 1], [-1, 1, 1], [-1, 0, 0]]"
            },
            {
                "raw": "Let's analyze the game board step by step:\n\n1. **Top Row (A):**\n   - A1: X\n   - A2: Empty\n   - A3: O\n\n2. **Middle Row (B):**\n   - B1: Empty\n   - B2: O\n   - B3: Empty\n\n3. **Bottom Row (C):**\n   - C1: X\n   - C2: X\n   - C3: O\n\nNow, let's convert this into the required 3x3 matrix format:\n- X is represented by 1\n- O is represented by 0\n- Empty is represented by -1\n\nSo, the matrix becomes:\n```\n[[1, -1, 0],\n [-1, 0, -1],\n [1, 1, 0]]\n```\n\nTherefore, the game state is:\nGame State: [[1, -1, 0], [-1, 0, -1], [1, 1, 0]]"
            },
            {
                "raw": "Let's analyze the game board step by step:\n\n1. **Top Row (A):**\n   - First cell: X\n   - Second cell: Empty\n   - Third cell: Empty\n\n2. **Middle Row (B):**\n   - First cell: X\n   - Second cell: O\n   - Third cell: O\n\n3. **Bottom Row (C):**\n   - First cell: Empty\n   - Second cell: X\n   - Third cell: O\n\nNow, let's convert this into the required matrix format:\n- X is represented by 1\n- O is represented by 0\n- Empty is represented by -1\n\nSo, the matrix becomes:\n```\n[[1, -1, -1],\n [1, 0, 0],\n [-1, 1, 0]]\n```\n\nTherefore, the game state is:\nGame State: [[1, -1, -1], [1, 0, 0], [-1, 1, 0]]"
            },
            {
                "raw": "Let's analyze the game board step by step:\n\n1. **Top Row (A):**\n   - First cell: X\n   - Second cell: Empty\n   - Third cell: X\n\n2. **Middle Row (B):**\n   - First cell: Empty\n   - Second cell: O\n   - Third cell: X\n\n3. **Bottom Row (C):**\n   - First cell: O\n   - Second cell: Empty\n   - Third cell: O\n\nNow, let's convert this into the required 3x3 matrix format:\n- X is represented by 1\n- O is represented by 0\n- Empty is represented by -1\n\nSo, the matrix becomes:\n```\n[[1, -1, 1],\n [ -1, 0, 1],\n [0, -1, 0]]\n```\n\nTherefore, the game state is:\nGame State: [[1, -1, 1], [-1, 0, 1], [0, -1, 0]]"
            },
            {
                "raw": "Let's analyze the game board step by step:\n\n1. **Top Row (A):**\n   - First cell: X\n   - Second cell: Empty\n   - Third cell: Empty\n\n2. **Middle Row (B):**\n   - First cell: O\n   - Second cell: X\n   - Third cell: O\n\n3. **Bottom Row (C):**\n   - First cell: O\n   - Second cell: X\n   - Third cell: Empty\n\nNow, let's convert this into the required matrix format:\n- X is represented by 1\n- O is represented by 0\n- Empty is represented by -1\n\nSo, the matrix becomes:\n```\n[[1, -1, -1],\n [0, 1, 0],\n [0, 1, -1]]\n```\n\nTherefore, the game state is:\nGame State: [[1, -1, -1], [0, 1, 0], [0, 1, -1]]"
            },
            {
                "raw": "Let's analyze the game board step by step:\n\n1. **Top Row (A):**\n   - Column 1: O\n   - Column 2: Empty\n   - Column 3: Empty\n\n2. **Middle Row (B):**\n   - Column 1: X\n   - Column 2: X\n   - Column 3: O\n\n3. **Bottom Row (C):**\n   - Column 1: O\n   - Column 2: X\n   - Column 3: Empty\n\nNow, let's convert this into the required matrix format:\n- O is represented by 0\n- X is represented by 1\n- Empty is represented by -1\n\nSo, the matrix becomes:\n```\n[[0, -1, -1],\n [1, 1, 0],\n [0, 1, -1]]\n```\n\nTherefore, the game state is:\nGame State: [[0, -1, -1], [1, 1, 0], [0, 1, -1]]"
            },
            {
                "raw": "Let's analyze the game board step by step:\n\n1. **Top Row (A):**\n   - Left cell: O (represents 0)\n   - Middle cell: Empty (represents -1)\n   - Right cell: X (represents 1)\n\n2. **Middle Row (B):**\n   - Left cell: X (represents 1)\n   - Middle cell: O (represents 0)\n   - Right cell: Empty (represents -1)\n\n3. **Bottom Row (C):**\n   - Left cell: O (represents 0)\n   - Middle cell: X (represents 1)\n   - Right cell: Empty (represents -1)\n\nNow, let's construct the 3x3 matrix based on the above observations:\n\n- First row: [0, -1, 1]\n- Second row: [1, 0, -1]\n- Third row: [0, 1, -1]\n\nThus, the game state matrix is:\n\n\\[\n\\boxed{\\begin{bmatrix}\n0 & -1 & 1 \\\\\n1 & 0 & -1 \\\\\n0 & 1 & -1\n\\end{bmatrix}}\n\\]"
            },
            {
                "raw": "Let's analyze the game board step by step:\n\n1. **Top Row (A):**\n   - A1: X\n   - A2: Empty\n   - A3: O\n\n2. **Middle Row (B):**\n   - B1: O\n   - B2: Empty\n   - B3: X\n\n3. **Bottom Row (C):**\n   - C1: O\n   - C2: Empty\n   - C3: X\n\nNow, let's convert this into the required 3x3 matrix format:\n- X is represented by 1\n- O is represented by 0\n- Empty is represented by -1\n\nSo, the matrix becomes:\n```\n[[1, -1, 0],\n [0, -1, 1],\n [0, -1, 1]]\n```\n\nTherefore, the game state is:\nGame State: [[1, -1, 0], [0, -1, 1], [0, -1, 1]]"
            },
            {
                "raw": "Let's analyze the game board step by step:\n\n1. **Top Row (A):**\n   - First cell: O\n   - Second cell: Empty\n   - Third cell: Empty\n\n2. **Middle Row (B):**\n   - First cell: Empty\n   - Second cell: O\n   - Third cell: X\n\n3. **Bottom Row (C):**\n   - First cell: X\n   - Second cell: X\n   - Third cell: O\n\nNow, let's convert this into the required matrix format:\n- O is represented by 0\n- X is represented by 1\n- Empty is represented by -1\n\nSo, the matrix becomes:\n```\n[[0, -1, -1],\n [-1, 0, 1],\n [1, 1, 0]]\n```\n\nTherefore, the game state is:\nGame State: [[0, -1, -1], [-1, 0, 1], [1, 1, 0]]"
            },
            {
                "raw": "Let's analyze the game board step by step:\n\n1. **Top Row (A):**\n   - Left cell: O\n   - Middle cell: Empty\n   - Right cell: O\n\n2. **Middle Row (B):**\n   - Left cell: Empty\n   - Middle cell: X\n   - Right cell: X\n\n3. **Bottom Row (C):**\n   - Left cell: O\n   - Middle cell: Empty\n   - Right cell: X\n\nNow, let's convert this into the required 3x3 matrix format:\n- O is represented by 0\n- X is represented by 1\n- Empty is represented by -1\n\nSo, the matrix becomes:\n```\n[[0, -1, 0],\n [ -1, 1, 1],\n [0, -1, 1]]\n```\n\nTherefore, the game state is:\nGame State: [[0, -1, 0], [-1, 1, 1], [0, -1, 1]]"
            },
            {
                "raw": "Let's analyze the game board step by step:\n\n1. **Top Row (A):**\n   - Left cell: Empty\n   - Middle cell: X\n   - Right cell: X\n\n2. **Middle Row (B):**\n   - Left cell: Empty\n   - Middle cell: O\n   - Right cell: O\n\n3. **Bottom Row (C):**\n   - Left cell: X\n   - Middle cell: Empty\n   - Right cell: O\n\nNow, let's convert this into the required matrix format:\n- Empty cells are represented by -1\n- X is represented by 1\n- O is represented by 0\n\nSo, the matrix representation is:\n```\n[[-1, 1, 1],\n [-1, 0, 0],\n [1, -1, 0]]\n```\n\nTherefore, the game state is:\nGame State: [[-1, 1, 1], [-1, 0, 0], [1, -1, 0]]"
            },
            {
                "raw": "Let's analyze the game board step by step:\n\n1. **Top Row (A):**\n   - Column 1: Empty\n   - Column 2: Empty\n   - Column 3: X\n\n2. **Middle Row (B):**\n   - Column 1: O\n   - Column 2: Empty\n   - Column 3: O\n\n3. **Bottom Row (C):**\n   - Column 1: X\n   - Column 2: X\n   - Column 3: O\n\nNow, let's convert this into the required matrix format:\n- Empty cells are represented by -1\n- X is represented by 1\n- O is represented by 0\n\nSo, the matrix becomes:\n```\n[[-1, -1, 1],\n [-1, -1, 0],\n [1, 1, 0]]\n```\n\nTherefore, the game state is:\nGame State: [[-1, -1, 1], [-1, -1, 0], [1, 1, 0]]"
            },
            {
                "raw": "Let's analyze the game board step by step:\n\n1. **Top Row (A):**\n   - Left cell: O (represents 0)\n   - Middle cell: Empty (represents -1)\n   - Right cell: X (represents 1)\n\n2. **Middle Row (B):**\n   - Left cell: Empty (represents -1)\n   - Middle cell: X (represents 1)\n   - Right cell: Empty (represents -1)\n\n3. **Bottom Row (C):**\n   - Left cell: O (represents 0)\n   - Middle cell: X (represents 1)\n   - Right cell: O (represents 0)\n\nNow, let's construct the 3x3 matrix based on the above observations:\n\n- First row: [0, -1, 1]\n- Second row: [-1, 1, -1]\n- Third row: [0, 1, 0]\n\nThus, the game state matrix is:\n\n\\[\n\\boxed{\\begin{bmatrix}\n0 & -1 & 1 \\\\\n-1 & 1 & -1 \\\\\n0 & 1 & 0\n\\end{bmatrix}}\n\\]"
            },
            {
                "raw": "Let's analyze the game board step by step:\n\n1. **Top Row (A):**\n   - Left cell: Empty\n   - Middle cell: X\n   - Right cell: O\n\n2. **Middle Row (B):**\n   - Left cell: O\n   - Middle cell: Empty\n   - Right cell: X\n\n3. **Bottom Row (C):**\n   - Left cell: X\n   - Middle cell: O\n   - Right cell: Empty\n\nNow, let's convert this into the required 3x3 matrix format:\n- Empty cells are represented by -1\n- X is represented by 1\n- O is represented by 0\n\nSo, the matrix becomes:\n```\n[[-1, 1, 0],\n [0, -1, 1],\n [1, 0, -1]]\n```\n\nTherefore, the game state is:\nGame State: [[-1, 1, 0], [0, -1, 1], [1, 0, -1]]"
            },
            {
                "raw": "Let's analyze the game board step by step:\n\n1. **Top Row (A):**\n   - First cell: O\n   - Second cell: X\n   - Third cell: O\n\n2. **Middle Row (B):**\n   - First cell: X\n   - Second cell: X\n   - Third cell: O\n\n3. **Bottom Row (C):**\n   - All cells are empty\n\nNow, let's convert this into the required matrix format:\n- O is represented by 0\n- X is represented by 1\n- Empty cells are represented by -1\n\nSo, the matrix representation is:\n```\n[[0, 1, 0],\n [1, 1, 0],\n [-1, -1, -1]]\n```\n\nTherefore, the game state is:\nGame State: [[0, 1, 0], [1, 1, 0], [-1, -1, -1]]"
            },
            {
                "raw": "Let's analyze the game board step by step:\n\n1. **Top Row (A):**\n   - First cell: X\n   - Second cell: Empty\n   - Third cell: O\n\n2. **Middle Row (B):**\n   - First cell: Empty\n   - Second cell: Empty\n   - Third cell: O\n\n3. **Bottom Row (C):**\n   - First cell: X\n   - Second cell: O\n   - Third cell: X\n\nNow, let's convert this into the required matrix format:\n- X is represented by 1\n- O is represented by 0\n- Empty is represented by -1\n\nSo, the matrix becomes:\n```\n[[1, -1, 0],\n [-1, -1, 0],\n [1, 0, 1]]\n```\n\nTherefore, the game state is:\nGame State: [[1, -1, 0], [-1, -1, 0], [1, 0, 1]]"
            },
            {
                "raw": "Let's analyze the game board step by step:\n\n1. **Top Row (A):**\n   - Left cell: O\n   - Middle cell: Empty\n   - Right cell: O\n\n2. **Middle Row (B):**\n   - Left cell: O\n   - Middle cell: Empty\n   - Right cell: X\n\n3. **Bottom Row (C):**\n   - Left cell: Empty\n   - Middle cell: X\n   - Right cell: X\n\nNow, let's convert this into the required matrix format:\n- O is represented by 0\n- X is represented by 1\n- Empty is represented by -1\n\nSo, the matrix representation is:\n```\n[[0, -1, 0],\n [0, -1, 1],\n [-1, 1, 1]]\n```\n\nTherefore, the game state is:\nGame State: [[0, -1, 0], [0, -1, 1], [-1, 1, 1]]"
            },
            {
                "raw": "Let's analyze the game board step by step:\n\n1. **Top Row (A):**\n   - Left cell: O (0)\n   - Middle cell: Empty (-1)\n   - Right cell: X (1)\n\n2. **Middle Row (B):**\n   - Left cell: O (0)\n   - Middle cell: X (1)\n   - Right cell: X (1)\n\n3. **Bottom Row (C):**\n   - Left cell: Empty (-1)\n   - Middle cell: Empty (-1)\n   - Right cell: O (0)\n\nNow, let's construct the 3x3 matrix based on the above observations:\n\n- First row: [0, -1, 1]\n- Second row: [0, 1, 1]\n- Third row: [-1, -1, 0]\n\nSo, the game state matrix is:\n\n\\[\n\\begin{bmatrix}\n0 & -1 & 1 \\\\\n0 & 1 & 1 \\\\\n-1 & -1 & 0 \\\\\n\\end{bmatrix}\n\\]\n\nTherefore, the final answer is:\n\n\\[\n\\boxed{\\begin{bmatrix}\n0 & -1 & 1 \\\\\n0 & 1 & 1 \\\\\n-1 & -1 & 0 \\\\\n\\end{bmatrix}}\n\\]"
            },
            {
                "raw": "Let's analyze the game board step by step:\n\n1. **Top Row (A):**\n   - First cell: O\n   - Second cell: Empty\n   - Third cell: Empty\n\n2. **Middle Row (B):**\n   - First cell: X\n   - Second cell: O\n   - Third cell: X\n\n3. **Bottom Row (C):**\n   - First cell: O\n   - Second cell: Empty\n   - Third cell: X\n\nNow, let's convert this into the required 3x3 matrix format:\n- O is represented by 0\n- X is represented by 1\n- Empty is represented by -1\n\nSo, the matrix becomes:\n```\n[[0, -1, -1],\n [1, 0, 1],\n [0, -1, 1]]\n```\n\nTherefore, the game state is:\nGame State: [[0, -1, -1], [1, 0, 1], [0, -1, 1]]"
            },
            {
                "raw": "Let's analyze the game board step by step:\n\n1. **Top Row (A):**\n   - Column 1: X\n   - Column 2: O\n   - Column 3: Empty\n\n2. **Middle Row (B):**\n   - Column 1: Empty\n   - Column 2: O\n   - Column 3: X\n\n3. **Bottom Row (C):**\n   - Column 1: O\n   - Column 2: Empty\n   - Column 3: X\n\nNow, let's convert this into the required matrix format:\n- X is represented by 1\n- O is represented by 0\n- Empty is represented by -1\n\nSo, the matrix becomes:\n```\n[[1, 0, -1],\n [ -1, 0, 1],\n [0, -1, 1]]\n```\n\nTherefore, the game state is:\nGame State: [[1, 0, -1], [-1, 0, 1], [0, -1, 1]]"
            },
            {
                "raw": "Let's analyze the game board step by step:\n\n1. **Top Row (A):**\n   - Column 1: Empty\n   - Column 2: Empty\n   - Column 3: X\n\n2. **Middle Row (B):**\n   - Column 1: O\n   - Column 2: X\n   - Column 3: Empty\n\n3. **Bottom Row (C):**\n   - Column 1: X\n   - Column 2: O\n   - Column 3: O\n\nNow, let's convert this into the required matrix format:\n- Empty cells are represented by -1\n- X is represented by 1\n- O is represented by 0\n\nSo, the matrix becomes:\n```\n[[-1, -1, 1],\n [-1, 1, -1],\n [1, 0, 0]]\n```\n\nTherefore, the game state is:\nGame State: [[-1, -1, 1], [-1, 1, -1], [1, 0, 0]]"
            },
            {
                "raw": "Let's analyze the game board step by step:\n\n1. **Top Row (A):**\n   - First cell: X\n   - Second cell: X\n   - Third cell: Empty\n\n2. **Middle Row (B):**\n   - First cell: Empty\n   - Second cell: O\n   - Third cell: Empty\n\n3. **Bottom Row (C):**\n   - First cell: X\n   - Second cell: O\n   - Third cell: O\n\nNow, let's convert this into the required matrix format:\n- X is represented by 1\n- O is represented by 0\n- Empty is represented by -1\n\nSo, the matrix becomes:\n```\n[[1, 1, -1],\n [ -1, 0, -1],\n [1, 0, 0]]\n```\n\nTherefore, the game state is:\nGame State: [[1, 1, -1], [-1, 0, -1], [1, 0, 0]]"
            },
            {
                "raw": "Let's analyze the game board step by step:\n\n1. **Top Row (A):**\n   - First cell: O\n   - Second cell: X\n   - Third cell: Empty\n\n2. **Middle Row (B):**\n   - First cell: O\n   - Second cell: O\n   - Third cell: X\n\n3. **Bottom Row (C):**\n   - First cell: X\n   - Second cell: Empty\n   - Third cell: Empty\n\nNow, let's convert this into the required matrix format:\n- O is represented by 0\n- X is represented by 1\n- Empty is represented by -1\n\nSo, the matrix becomes:\n```\n[[0, 1, -1],\n [0, 0, 1],\n [1, -1, -1]]\n```\n\nTherefore, the game state is:\nGame State: [[0, 1, -1], [0, 0, 1], [1, -1, -1]]"
            },
            {
                "raw": "Let's analyze the game board step by step:\n\n1. **Top Row (A):**\n   - Left cell: Empty\n   - Middle cell: X\n   - Right cell: O\n\n2. **Middle Row (B):**\n   - Left cell: Empty\n   - Middle cell: Empty\n   - Right cell: X\n\n3. **Bottom Row (C):**\n   - Left cell: O\n   - Middle cell: O\n   - Right cell: X\n\nNow, let's convert this into the required matrix format:\n- Empty cells are represented by -1\n- X is represented by 1\n- O is represented by 0\n\nSo, the matrix representation is:\n```\n[[-1, 1, 0],\n [-1, -1, 1],\n [0, 0, 1]]\n```\n\nTherefore, the game state is:\nGame State: [[-1, 1, 0], [-1, -1, 1], [0, 0, 1]]"
            },
            {
                "raw": "Let's analyze the game board step by step:\n\n1. **Top Row (A):**\n   - First cell: X\n   - Second cell: X\n   - Third cell: Empty\n\n2. **Middle Row (B):**\n   - First cell: O\n   - Second cell: O\n   - Third cell: O\n\n3. **Bottom Row (C):**\n   - First cell: Empty\n   - Second cell: X\n   - Third cell: Empty\n\nNow, let's convert this into the required matrix format:\n- X is represented by 1\n- O is represented by 0\n- Empty is represented by -1\n\nSo, the matrix becomes:\n```\n[[1, 1, -1],\n [0, 0, 0],\n [-1, 1, -1]]\n```\n\nTherefore, the game state is:\nGame State: [[1, 1, -1], [0, 0, 0], [-1, 1, -1]]"
            },
            {
                "raw": "Let's analyze the game board step by step:\n\n1. **Top Row (A):**\n   - A1: X\n   - A2: X\n   - A3: X\n\n2. **Middle Row (B):**\n   - B1: Empty\n   - B2: Empty\n   - B3: O\n\n3. **Bottom Row (C):**\n   - C1: O\n   - C2: Empty\n   - C3: O\n\nNow, let's convert this into the required 3x3 matrix format:\n- X is represented by 1\n- O is represented by 0\n- Empty is represented by -1\n\nSo, the matrix becomes:\n```\n[[1, 1, 1],\n [-1, -1, 0],\n [0, -1, 0]]\n```\n\nTherefore, the game state is:\nGame State: [[1, 1, 1], [-1, -1, 0], [0, -1, 0]]"
            },
            {
                "raw": "Let's analyze the game board step by step:\n\n1. **Top Row (A):**\n   - Left cell: O (0)\n   - Middle cell: X (1)\n   - Right cell: O (0)\n\n2. **Middle Row (B):**\n   - Left cell: Empty (-1)\n   - Middle cell: O (0)\n   - Right cell: X (1)\n\n3. **Bottom Row (C):**\n   - Left cell: Empty (-1)\n   - Middle cell: X (1)\n   - Right cell: Empty (-1)\n\nNow, let's construct the 3x3 matrix based on the above observations:\n\n- First row: [0, 1, 0]\n- Second row: [-1, 0, 1]\n- Third row: [-1, 1, -1]\n\nThus, the game state matrix is:\n\n\\[\n\\boxed{\\begin{bmatrix}\n0 & 1 & 0 \\\\\n-1 & 0 & 1 \\\\\n-1 & 1 & -1\n\\end{bmatrix}}\n\\]"
            },
            {
                "raw": "Let's analyze the game board step by step:\n\n1. **Top Row (A):**\n   - Left cell: Empty\n   - Middle cell: O\n   - Right cell: O\n\n2. **Middle Row (B):**\n   - Left cell: X\n   - Middle cell: X\n   - Right cell: X\n\n3. **Bottom Row (C):**\n   - Left cell: O\n   - Middle cell: Empty\n   - Right cell: Empty\n\nNow, let's convert this into the required 3x3 matrix format:\n- Empty cells are represented by -1\n- X is represented by 1\n- O is represented by 0\n\nSo, the matrix becomes:\n```\n[[-1, 0, 0],\n [1, 1, 1],\n [0, -1, -1]]\n```\n\nTherefore, the game state is:\nGame State: [[-1, 0, 0], [1, 1, 1], [0, -1, -1]]"
            },
            {
                "raw": "Let's analyze the game board step by step:\n\n1. **Top Row (A):**\n   - Column 1: O\n   - Column 2: O\n   - Column 3: X\n\n2. **Middle Row (B):**\n   - Column 1: O\n   - Column 2: Empty\n   - Column 3: Empty\n\n3. **Bottom Row (C):**\n   - Column 1: X\n   - Column 2: Empty\n   - Column 3: X\n\nNow, let's convert this into the required matrix format:\n- O is represented by 0\n- X is represented by 1\n- Empty is represented by -1\n\nSo, the matrix becomes:\n```\n[[0, 0, 1],\n [0, -1, -1],\n [1, -1, 1]]\n```\n\nTherefore, the game state is:\nGame State: [[0, 0, 1], [0, -1, -1], [1, -1, 1]]"
            },
            {
                "raw": "Let's analyze the game board step by step:\n\n1. **Top Row (A):**\n   - First cell: O\n   - Second cell: O\n   - Third cell: X\n\n2. **Middle Row (B):**\n   - First cell: X\n   - Second cell: (empty)\n   - Third cell: X\n\n3. **Bottom Row (C):**\n   - First cell: O\n   - Second cell: (empty)\n   - Third cell: (empty)\n\nNow, let's convert this into the required matrix format:\n- O is represented by 0\n- X is represented by 1\n- Empty cells are represented by -1\n\nSo, the matrix becomes:\n```\n[[0, 0, 1],\n [1, -1, 1],\n [0, -1, -1]]\n```\n\nTherefore, the game state is:\nGame State: [[0, 0, 1], [1, -1, 1], [0, -1, -1]]"
            },
            {
                "raw": "Let's analyze the game board step by step:\n\n1. **Top Row (A):**\n   - Column 1: Empty\n   - Column 2: X\n   - Column 3: X\n\n2. **Middle Row (B):**\n   - Column 1: O\n   - Column 2: Empty\n   - Column 3: Empty\n\n3. **Bottom Row (C):**\n   - Column 1: O\n   - Column 2: O\n   - Column 3: X\n\nNow, let's convert this into the required 3x3 matrix format:\n- Empty cells are represented by -1\n- X is represented by 1\n- O is represented by 0\n\nSo, the matrix becomes:\n```\n[[-1, 1, 1],\n [0, -1, -1],\n [0, 0, 1]]\n```\n\nTherefore, the game state is:\nGame State: [[-1, 1, 1], [0, -1, -1], [0, 0, 1]]"
            },
            {
                "raw": "Let's analyze the game board step by step:\n\n1. **Top Row (A):**\n   - A1: O\n   - A2: O\n   - A3: X\n\n2. **Middle Row (B):**\n   - B1: (Empty)\n   - B2: X\n   - B3: X\n\n3. **Bottom Row (C):**\n   - C1: O\n   - C2: (Empty)\n   - C3: (Empty)\n\nNow, let's convert this into the required 3x3 matrix format:\n- O is represented by 0\n- X is represented by 1\n- Empty cells are represented by -1\n\nSo, the matrix becomes:\n```\n[[0, 0, 1],\n [-1, 1, 1],\n [0, -1, -1]]\n```\n\nTherefore, the game state is:\nGame State: [[0, 0, 1], [-1, 1, 1], [0, -1, -1]]"
            },
            {
                "raw": "Let's analyze the game board step by step:\n\n1. **Top Row (A):**\n   - Left cell: Empty\n   - Middle cell: Empty\n   - Right cell: O\n\n2. **Middle Row (B):**\n   - Left cell: X\n   - Middle cell: O\n   - Right cell: O\n\n3. **Bottom Row (C):**\n   - Left cell: X\n   - Middle cell: Empty\n   - Right cell: X\n\nNow, let's convert this into the required matrix format:\n- Empty cells are represented by -1\n- X is represented by 1\n- O is represented by 0\n\nSo, the matrix representation is:\n```\n[[-1, -1, 0],\n [1, 0, 0],\n [1, -1, 1]]\n```\n\nTherefore, the game state is:\nGame State: [[-1, -1, 0], [1, 0, 0], [1, -1, 1]]"
            },
            {
                "raw": "Let's analyze the game board step by step:\n\n1. **Top Row (A):**\n   - First cell: X\n   - Second cell: X\n   - Third cell: O\n\n2. **Middle Row (B):**\n   - First cell: X\n   - Second cell: O\n   - Third cell: Empty\n\n3. **Bottom Row (C):**\n   - First cell: O\n   - Second cell: Empty\n   - Third cell: Empty\n\nNow, let's convert this into the required 3x3 matrix format:\n- X is represented by 1\n- O is represented by 0\n- Empty is represented by -1\n\nSo, the matrix becomes:\n```\n[[1, 1, 0],\n [1, 0, -1],\n [0, -1, -1]]\n```\n\nTherefore, the game state is:\nGame State: [[1, 1, 0], [1, 0, -1], [0, -1, -1]]"
            },
            {
                "raw": "Let's analyze the game board step by step:\n\n1. **Top Row (A):**\n   - Column 1: Empty\n   - Column 2: Empty\n   - Column 3: X\n\n2. **Middle Row (B):**\n   - Column 1: O\n   - Column 2: Empty\n   - Column 3: O\n\n3. **Bottom Row (C):**\n   - Column 1: O\n   - Column 2: X\n   - Column 3: X\n\nNow, let's convert this into the required matrix format:\n- Empty cells are represented by -1\n- X is represented by 1\n- O is represented by 0\n\nSo, the matrix becomes:\n```\n[[-1, -1, 1],\n [0, -1, 0],\n [0, 1, 1]]\n```\n\nTherefore, the game state is:\nGame State: [[-1, -1, 1], [0, -1, 0], [0, 1, 1]]"
            },
            {
                "raw": "Let's analyze the game board step by step:\n\n1. **Top Row (A):**\n   - Column 1: O\n   - Column 2: Empty\n   - Column 3: Empty\n\n2. **Middle Row (B):**\n   - Column 1: X\n   - Column 2: X\n   - Column 3: O\n\n3. **Bottom Row (C):**\n   - Column 1: O\n   - Column 2: Empty\n   - Column 3: X\n\nNow, let's convert this into the required matrix format:\n- O is represented by 0\n- X is represented by 1\n- Empty is represented by -1\n\nSo, the matrix becomes:\n```\n[[0, -1, -1],\n [1, 1, 0],\n [0, -1, 1]]\n```\n\nTherefore, the game state is:\nGame State: [[0, -1, -1], [1, 1, 0], [0, -1, 1]]"
            },
            {
                "raw": "Let's analyze the game board step by step:\n\n1. **Top Row (A):**\n   - Column 1: X\n   - Column 2: O\n   - Column 3: O\n\n2. **Middle Row (B):**\n   - Column 1: Empty\n   - Column 2: X\n   - Column 3: X\n\n3. **Bottom Row (C):**\n   - Column 1: Empty\n   - Column 2: O\n   - Column 3: Empty\n\nNow, let's convert this into the required 3x3 matrix format:\n- X is represented by 1\n- O is represented by 0\n- Empty is represented by -1\n\nSo, the matrix becomes:\n```\n[[1, 0, 0],\n [-1, 1, 1],\n [-1, 0, -1]]\n```\n\nTherefore, the game state is:\nGame State: [[1, 0, 0], [-1, 1, 1], [-1, 0, -1]]"
            },
            {
                "raw": "Let's analyze the game board step by step:\n\n1. **Top Row (A):**\n   - A1: O\n   - A2: X\n   - A3: X\n\n2. **Middle Row (B):**\n   - B1: (empty)\n   - B2: O\n   - B3: (empty)\n\n3. **Bottom Row (C):**\n   - C1: X\n   - C2: O\n   - C3: (empty)\n\nNow, let's convert this into the required matrix format:\n- O is represented by 0\n- X is represented by 1\n- Empty cells are represented by -1\n\nSo, the matrix becomes:\n```\n[\n  [0, 1, 1],\n  [-1, 0, -1],\n  [1, 0, -1]\n]\n```\n\nTherefore, the game state is:\nGame State: [[0, 1, 1], [-1, 0, -1], [1, 0, -1]]"
            },
            {
                "raw": "Let's analyze the game board step by step:\n\n1. **Top Row (A):**\n   - Left cell: Empty\n   - Middle cell: O\n   - Right cell: X\n\n2. **Middle Row (B):**\n   - Left cell: O\n   - Middle cell: Empty\n   - Right cell: Empty\n\n3. **Bottom Row (C):**\n   - Left cell: X\n   - Middle cell: O\n   - Right cell: X\n\nNow, let's convert this into the required matrix format:\n- Empty cells are represented by -1\n- X is represented by 1\n- O is represented by 0\n\nSo, the matrix becomes:\n```\n[[-1, 0, 1],\n [0, -1, -1],\n [1, 0, 1]]\n```\n\nTherefore, the game state is:\nGame State: [[-1, 0, 1], [0, -1, -1], [1, 0, 1]]"
            },
            {
                "raw": "Let's analyze the game board step by step:\n\n1. **Top Row (A):**\n   - Left cell: O\n   - Middle cell: X\n   - Right cell: Empty\n\n2. **Middle Row (B):**\n   - Left cell: X\n   - Middle cell: Empty\n   - Right cell: X\n\n3. **Bottom Row (C):**\n   - Left cell: O\n   - Middle cell: Empty\n   - Right cell: O\n\nNow, let's convert this into the required matrix format:\n- O is represented by 0\n- X is represented by 1\n- Empty is represented by -1\n\nSo, the matrix becomes:\n```\n[[0, 1, -1],\n [1, -1, 1],\n [0, -1, 0]]\n```\n\nTherefore, the game state is:\nGame State: [[0, 1, -1], [1, -1, 1], [0, -1, 0]]"
            },
            {
                "raw": "Let's analyze the game board step by step:\n\n1. **Top Row (A):**\n   - Left cell: Empty\n   - Middle cell: O\n   - Right cell: O\n\n2. **Middle Row (B):**\n   - Left cell: X\n   - Middle cell: X\n   - Right cell: Empty\n\n3. **Bottom Row (C):**\n   - Left cell: Empty\n   - Middle cell: O\n   - Right cell: X\n\nNow, let's convert this into the required 3x3 matrix format:\n- Empty cells are represented by -1\n- X is represented by 1\n- O is represented by 0\n\nSo, the matrix becomes:\n```\n[[-1, 0, 0],\n [1, 1, -1],\n [-1, 0, 1]]\n```\n\nTherefore, the game state is:\nGame State: [[-1, 0, 0], [1, 1, -1], [-1, 0, 1]]"
            },
            {
                "raw": "Let's analyze the game board step by step:\n\n1. **Top Row (A):**\n   - Left cell: O\n   - Middle cell: Empty\n   - Right cell: X\n\n2. **Middle Row (B):**\n   - Left cell: Empty\n   - Middle cell: O\n   - Right cell: X\n\n3. **Bottom Row (C):**\n   - Left cell: O\n   - Middle cell: Empty\n   - Right cell: X\n\nNow, let's convert this into the required 3x3 matrix format:\n- O is represented by 0\n- X is represented by 1\n- Empty is represented by -1\n\nSo, the matrix becomes:\n```\n[[0, -1, 1],\n [-1, 0, 1],\n [0, -1, 1]]\n```\n\nTherefore, the game state is:\nGame State: [[0, -1, 1], [-1, 0, 1], [0, -1, 1]]"
            },
            {
                "raw": "Let's analyze the game board step by step:\n\n1. **Top Row (A):**\n   - Column 1: O\n   - Column 2: X\n   - Column 3: Empty\n\n2. **Middle Row (B):**\n   - Column 1: X\n   - Column 2: Empty\n   - Column 3: X\n\n3. **Bottom Row (C):**\n   - Column 1: O\n   - Column 2: O\n   - Column 3: Empty\n\nNow, let's convert this into the required matrix format:\n- O is represented by 0\n- X is represented by 1\n- Empty is represented by -1\n\nSo, the matrix becomes:\n```\n[[0, 1, -1],\n [1, -1, 1],\n [0, 0, -1]]\n```\n\nTherefore, the game state is:\nGame State: [[0, 1, -1], [1, -1, 1], [0, 0, -1]]"
            },
            {
                "raw": "Let's analyze the game board step by step:\n\n1. **Top Row (A):**\n   - Left cell: Empty\n   - Middle cell: O\n   - Right cell: O\n\n2. **Middle Row (B):**\n   - Left cell: Empty\n   - Middle cell: X\n   - Right cell: Empty\n\n3. **Bottom Row (C):**\n   - Left cell: O\n   - Middle cell: X\n   - Right cell: X\n\nNow, let's convert this into the required 3x3 matrix format:\n- Empty cells are represented by -1\n- X is represented by 1\n- O is represented by 0\n\nSo, the matrix becomes:\n```\n[[-1, 0, 0],\n [-1, 1, -1],\n [0, 1, 1]]\n```\n\nTherefore, the game state is:\nGame State: [[-1, 0, 0], [-1, 1, -1], [0, 1, 1]]"
            },
            {
                "raw": "Let's analyze the game board step by step:\n\n1. **Top Row (A):**\n   - First cell: X\n   - Second cell: Empty\n   - Third cell: O\n\n2. **Middle Row (B):**\n   - First cell: Empty\n   - Second cell: X\n   - Third cell: O\n\n3. **Bottom Row (C):**\n   - First cell: O\n   - Second cell: Empty\n   - Third cell: X\n\nNow, let's convert this into the required 3x3 matrix format:\n- X is represented by 1\n- O is represented by 0\n- Empty is represented by -1\n\nSo, the matrix becomes:\n```\n[[1, -1, 0],\n [ -1, 1, 0],\n [0, -1, 1]]\n```\n\nTherefore, the game state is:\nGame State: [[1, -1, 0], [-1, 1, 0], [0, -1, 1]]"
            },
            {
                "raw": "Let's analyze the game board step by step:\n\n1. **Top Row (A):**\n   - Left cell: Empty\n   - Middle cell: X\n   - Right cell: Empty\n\n2. **Middle Row (B):**\n   - Left cell: X\n   - Middle cell: O\n   - Right cell: X\n\n3. **Bottom Row (C):**\n   - Left cell: O\n   - Middle cell: O\n   - Right cell: Empty\n\nNow, let's convert this into the required matrix format:\n- Empty cells are represented by -1\n- X is represented by 1\n- O is represented by 0\n\nSo, the matrix becomes:\n```\n[[-1, 1, -1],\n [1, 0, 1],\n [0, 0, -1]]\n```\n\nTherefore, the game state is:\nGame State: [[-1, 1, -1], [1, 0, 1], [0, 0, -1]]"
            },
            {
                "raw": "Let's analyze the game board step by step:\n\n1. **Top Row (A):**\n   - First cell: X\n   - Second cell: X\n   - Third cell: Empty\n\n2. **Middle Row (B):**\n   - First cell: O\n   - Second cell: O\n   - Third cell: X\n\n3. **Bottom Row (C):**\n   - First cell: Empty\n   - Second cell: O\n   - Third cell: Empty\n\nNow, let's convert this into the required matrix format:\n- X is represented by 1\n- O is represented by 0\n- Empty is represented by -1\n\nSo, the matrix becomes:\n```\n[[1, 1, -1],\n [0, 0, 1],\n [-1, 0, -1]]\n```\n\nTherefore, the game state is:\nGame State: [[1, 1, -1], [0, 0, 1], [-1, 0, -1]]"
            },
            {
                "raw": "Let's analyze the game board step by step:\n\n1. **Top Row (A):**\n   - Left cell: O\n   - Middle cell: O\n   - Right cell: Empty\n\n2. **Middle Row (B):**\n   - Left cell: X\n   - Middle cell: X\n   - Right cell: Empty\n\n3. **Bottom Row (C):**\n   - Left cell: O\n   - Middle cell: X\n   - Right cell: Empty\n\nNow, let's convert this into the required 3x3 matrix format:\n- O is represented by 0\n- X is represented by 1\n- Empty is represented by -1\n\nSo, the matrix becomes:\n```\n[[0, 0, -1],\n [1, 1, -1],\n [0, 1, -1]]\n```\n\nTherefore, the game state is:\nGame State: [[0, 0, -1], [1, 1, -1], [0, 1, -1]]"
            },
            {
                "raw": "Let's analyze the game board step by step:\n\n1. **Top Row (A):**\n   - First cell: X\n   - Second cell: O\n   - Third cell: Empty\n\n2. **Middle Row (B):**\n   - First cell: X\n   - Second cell: O\n   - Third cell: O\n\n3. **Bottom Row (C):**\n   - First cell: Empty\n   - Second cell: X\n   - Third cell: Empty\n\nNow, let's convert this into the required matrix format:\n- X is represented by 1\n- O is represented by 0\n- Empty is represented by -1\n\nSo, the matrix becomes:\n```\n[[1, 0, -1],\n [1, 0, 0],\n [-1, 1, -1]]\n```\n\nTherefore, the game state is:\nGame State: [[1, 0, -1], [1, 0, 0], [-1, 1, -1]]"
            },
            {
                "raw": "Let's analyze the game board step by step:\n\n1. **Top Row (A):**\n   - First cell: X\n   - Second cell: Empty\n   - Third cell: O\n\n2. **Middle Row (B):**\n   - First cell: X\n   - Second cell: O\n   - Third cell: Empty\n\n3. **Bottom Row (C):**\n   - First cell: Empty\n   - Second cell: O\n   - Third cell: X\n\nNow, let's convert this into the required 3x3 matrix format:\n- X is represented by 1\n- O is represented by 0\n- Empty is represented by -1\n\nSo, the matrix becomes:\n```\n[[1, -1, 0],\n [1, 0, -1],\n [-1, 0, 1]]\n```\n\nTherefore, the game state is:\nGame State: [[1, -1, 0], [1, 0, -1], [-1, 0, 1]]"
            },
            {
                "raw": "Let's analyze the game board step by step:\n\n1. **Top Row (A):**\n   - First cell: X\n   - Second cell: X\n   - Third cell: Empty\n\n2. **Middle Row (B):**\n   - First cell: O\n   - Second cell: Empty\n   - Third cell: Empty\n\n3. **Bottom Row (C):**\n   - First cell: O\n   - Second cell: X\n   - Third cell: O\n\nNow, let's convert this into the required matrix format:\n- X is represented by 1\n- O is represented by 0\n- Empty is represented by -1\n\nSo, the matrix becomes:\n```\n[[1, 1, -1],\n [0, -1, -1],\n [0, 1, 0]]\n```\n\nTherefore, the game state is:\nGame State: [[1, 1, -1], [0, -1, -1], [0, 1, 0]]"
            },
            {
                "raw": "Let's analyze the game board step by step:\n\n1. **Top Row (A):**\n   - First cell: X\n   - Second cell: X\n   - Third cell: Empty\n\n2. **Middle Row (B):**\n   - First cell: Empty\n   - Second cell: Empty\n   - Third cell: O\n\n3. **Bottom Row (C):**\n   - First cell: X\n   - Second cell: O\n   - Third cell: O\n\nNow, let's convert this into the required matrix format:\n- X is represented by 1\n- O is represented by 0\n- Empty is represented by -1\n\nSo, the matrix becomes:\n```\n[[1, 1, -1],\n [ -1, -1, 0],\n [1, 0, 0]]\n```\n\nTherefore, the game state is:\nGame State: [[1, 1, -1], [-1, -1, 0], [1, 0, 0]]"
            },
            {
                "raw": "Let's analyze the game board step by step:\n\n1. **Top Row (A):**\n   - Left cell: Empty\n   - Middle cell: X\n   - Right cell: X\n\n2. **Middle Row (B):**\n   - Left cell: X\n   - Middle cell: O\n   - Right cell: Empty\n\n3. **Bottom Row (C):**\n   - Left cell: O\n   - Middle cell: Empty\n   - Right cell: O\n\nNow, let's convert this into the required 3x3 matrix format:\n- Empty cells are represented by -1\n- X is represented by 1\n- O is represented by 0\n\nSo, the matrix becomes:\n```\n[[-1, 1, 1],\n [1, 0, -1],\n [0, -1, 0]]\n```\n\nTherefore, the game state is:\nGame State: [[-1, 1, 1], [1, 0, -1], [0, -1, 0]]"
            },
            {
                "raw": "Let's analyze the game board step by step:\n\n1. **Top Row (A):**\n   - Left cell: Empty\n   - Middle cell: X\n   - Right cell: X\n\n2. **Middle Row (B):**\n   - Left cell: O\n   - Middle cell: X\n   - Right cell: Empty\n\n3. **Bottom Row (C):**\n   - Left cell: Empty\n   - Middle cell: O\n   - Right cell: O\n\nNow, let's convert this into the required matrix format:\n- Empty cells are represented by -1\n- X is represented by 1\n- O is represented by 0\n\nSo, the matrix becomes:\n```\n[[-1, 1, 1],\n [0, 1, -1],\n [-1, 0, 0]]\n```\n\nTherefore, the game state is:\nGame State: [[-1, 1, 1], [0, 1, -1], [-1, 0, 0]]"
            },
            {
                "raw": "Let's analyze the game board step by step:\n\n1. **Top Row (A):**\n   - Left cell: O (0)\n   - Middle cell: X (1)\n   - Right cell: O (0)\n\n2. **Middle Row (B):**\n   - Left cell: Empty (-1)\n   - Middle cell: Empty (-1)\n   - Right cell: X (1)\n\n3. **Bottom Row (C):**\n   - Left cell: X (1)\n   - Middle cell: Empty (-1)\n   - Right cell: O (0)\n\nNow, let's construct the 3x3 matrix based on the above observations:\n\n- First row: [0, 1, 0]\n- Second row: [-1, -1, 1]\n- Third row: [1, -1, 0]\n\nSo, the game state matrix is:\n\n\\[\n\\begin{bmatrix}\n0 & 1 & 0 \\\\\n-1 & -1 & 1 \\\\\n1 & -1 & 0\n\\end{bmatrix}\n\\]\n\nTherefore, the final answer is:\n\n\\[\n\\boxed{\\begin{bmatrix}\n0 & 1 & 0 \\\\\n-1 & -1 & 1 \\\\\n1 & -1 & 0\n\\end{bmatrix}}\n\\]"
            },
            {
                "raw": "Let's analyze the game board step by step:\n\n1. **Top Row (A):**\n   - Column 1: Empty\n   - Column 2: Empty\n   - Column 3: X\n\n2. **Middle Row (B):**\n   - Column 1: X\n   - Column 2: O\n   - Column 3: X\n\n3. **Bottom Row (C):**\n   - Column 1: Empty\n   - Column 2: O\n   - Column 3: O\n\nNow, let's convert this into the required 3x3 matrix format:\n- Empty cells are represented by -1\n- X is represented by 1\n- O is represented by 0\n\nSo, the matrix becomes:\n```\n[[-1, -1, 1],\n [-1, 0, 1],\n [-1, 0, 0]]\n```\n\nTherefore, the game state is:\nGame State: [[-1, -1, 1], [-1, 0, 1], [-1, 0, 0]]"
            },
            {
                "raw": "Let's analyze the game board step by step:\n\n1. **Top Row (A):**\n   - Left cell: Empty\n   - Middle cell: Empty\n   - Right cell: X\n\n2. **Middle Row (B):**\n   - Left cell: X\n   - Middle cell: X\n   - Right cell: O\n\n3. **Bottom Row (C):**\n   - Left cell: O\n   - Middle cell: Empty\n   - Right cell: O\n\nNow, let's convert this into the required matrix format:\n- Empty cells are represented by -1\n- X is represented by 1\n- O is represented by 0\n\nSo, the matrix representation is:\n```\n[[-1, -1, 1],\n [-1, 1, 0],\n [0, -1, 0]]\n```\n\nTherefore, the game state is:\nGame State: [[-1, -1, 1], [-1, 1, 0], [0, -1, 0]]"
            },
            {
                "raw": "Let's analyze the game board step by step:\n\n1. **Top Row (A):**\n   - A1: X\n   - A2: Empty\n   - A3: O\n\n2. **Middle Row (B):**\n   - B1: O\n   - B2: X\n   - B3: Empty\n\n3. **Bottom Row (C):**\n   - C1: Empty\n   - C2: X\n   - C3: O\n\nNow, let's convert this into the required 3x3 matrix format:\n- X is represented by 1\n- O is represented by 0\n- Empty is represented by -1\n\nSo, the matrix becomes:\n```\n[[1, -1, 0],\n [0, 1, -1],\n [-1, 1, 0]]\n```\n\nTherefore, the game state is:\nGame State: [[1, -1, 0], [0, 1, -1], [-1, 1, 0]]"
            },
            {
                "raw": "Let's analyze the game board step by step:\n\n1. The top row (A) has three O's: [0, 0, 0].\n2. The middle row (B) has an X in the third column: [-1, -1, 1].\n3. The bottom row (C) has two X's in the second and third columns: [-1, 1, 1].\n\nNow, let's represent this in the required 3x3 matrix format:\n\nGame State: [[0, 0, 0], [-1, -1, 1], [-1, 1, 1]]"
            },
            {
                "raw": "Let's analyze the game board step by step:\n\n1. **Top Row (A):**\n   - Left cell: O\n   - Middle cell: Empty\n   - Right cell: X\n\n2. **Middle Row (B):**\n   - Left cell: O\n   - Middle cell: X\n   - Right cell: O\n\n3. **Bottom Row (C):**\n   - Left cell: Empty\n   - Middle cell: X\n   - Right cell: Empty\n\nNow, let's convert this into the required 3x3 matrix format:\n- O is represented by 0\n- X is represented by 1\n- Empty is represented by -1\n\nSo, the matrix becomes:\n```\n[[0, -1, 1],\n [0, 1, 0],\n [-1, 1, -1]]\n```\n\nTherefore, the game state is:\nGame State: [[0, -1, 1], [0, 1, 0], [-1, 1, -1]]"
            },
            {
                "raw": "Let's analyze the game board step by step:\n\n1. **Top Row (A):**\n   - Column 1: Empty\n   - Column 2: Empty\n   - Column 3: O\n\n2. **Middle Row (B):**\n   - Column 1: X\n   - Column 2: O\n   - Column 3: X\n\n3. **Bottom Row (C):**\n   - Column 1: O\n   - Column 2: Empty\n   - Column 3: X\n\nNow, let's convert this into the required matrix format:\n- Empty cells are represented by -1\n- X is represented by 1\n- O is represented by 0\n\nSo, the matrix representation of the game state is:\n\n\\[\n\\begin{bmatrix}\n-1 & -1 & 0 \\\\\n1 & 0 & 1 \\\\\n0 & -1 & 1 \\\\\n\\end{bmatrix}\n\\]\n\nTherefore, the game state is:\n\n\\[\n\\boxed{[[-1, -1, 0], [1, 0, 1], [0, -1, 1]]}\n\\]"
            }
        ]
    }
}