{
    "perceive": {
        "tictactoe": [
            {
                "raw": "Game State: [[-1, 0, 0], [0, -1, 0], [0, 0, 1]]"
            },
            {
                "raw": "Game State: [[0, 0, -1], [0, -1, 1], [-1, 1, 1]]"
            },
            {
                "raw": "Game State: [[0, 1, 0], [0, 0, 1], [0, 0, 0]]"
            },
            {
                "raw": "Game State: [[1, 0, 0], [1, 1, 0], [0, 1, 1]]"
            },
            {
                "raw": "Game State: [[-1, 0, 0], [0, -1, -1], [-1, 0, 0]]"
            },
            {
                "raw": "Game State: [[-1, 1, 0], [1, -1, 0], [0, 0, 1]]"
            },
            {
                "raw": "Game State: [[1, 0, 1], [1, 0, 1], [0, 0, 0]]"
            },
            {
                "raw": "Game State: [[0, 0, -1], [1, -1, 0], [0, 0, 0]]"
            },
            {
                "raw": "Game State: [[-1, 0, -1], [0, 1, 0], [0, -1, 0]]"
            },
            {
                "raw": "Game State: [[1, 0, 0], [1, 1, 0], [0, 0, 0]]"
            },
            {
                "raw": "Game State: [[1, 0, 0], [1, 1, 0], [0, 0, 0]]"
            },
            {
                "raw": "Game State: [[-1, 0, 1], [0, -1, 1], [0, 1, -1]]"
            },
            {
                "raw": "Game State: [[0, 0, 1], [1, 0, 0], [1, 0, 0]]"
            },
            {
                "raw": "Game State: [[-1, 0, 1], [0, 0, 0], [1, 0, -1]]"
            },
            {
                "raw": "Game State: [[-1, -1, 1], [0, -1, 1], [0, 1, -1]]"
            },
            {
                "raw": "Game State: [[1, 1, 1], [0, 0, 0], [0, 0, 0]]"
            },
            {
                "raw": "Game State: [[0, -1, 1], [-1, 0, -1], [1, -1, 0]]"
            },
            {
                "raw": "Game State: [[0, -1, -1], [-1, 1, 0], [1, 1, 0]]"
            },
            {
                "raw": "Game State: [[1, 0, -1], [1, 0, -1], [1, 0, -1]]"
            },
            {
                "raw": "Game State: [[0, -1, 0], [-1, 1, -1], [1, 1, 0]]"
            },
            {
                "raw": "Game State: [[0, 0, 0], [1, 1, 1], [0, 0, 0]]"
            },
            {
                "raw": "Game State: [[0, 0, -1], [0, -1, 0], [-1, 0, 0]]"
            },
            {
                "raw": "Game State: [[0, 0, 1], [1, 0, 0], [0, 0, 1]]"
            },
            {
                "raw": "Game State: [[0, -1, -1], [-1, 1, -1], [1, 1, 1]]"
            },
            {
                "raw": "Game State: [[1, 1, 0], [1, 0, 0], [0, 0, 0]]"
            },
            {
                "raw": "Game State: [[0, 1, 1], [1, 0, 0], [0, 0, 0]]"
            },
            {
                "raw": "Game State: [[0, 1, 0], [1, 0, 1], [-1, -1, -1]]"
            },
            {
                "raw": "Game State: [[-1, 1, 0], [0, -1, 1], [1, 0, 0]]"
            },
            {
                "raw": "Game State: [[0, 1, 0], [0, 0, 0], [1, 0, 1]]"
            },
            {
                "raw": "Game State: [[0, 0, 1], [0, -1, 0], [1, 1, 1]]"
            },
            {
                "raw": "Game State: [[0, 1, 1], [0, 0, 0], [0, 0, 1]]"
            },
            {
                "raw": "Game State: [[1, 0, 1], [1, 0, 0], [0, 0, 0]]"
            },
            {
                "raw": "Game State: [[0, 0, 0], [1, 1, 1], [0, 0, 1]]"
            },
            {
                "raw": "Game State: [[1, 0, 0], [1, 1, 0], [0, 0, 0]]"
            },
            {
                "raw": "Game State: [[0, 0, -1], [0, 1, 1], [1, 1, 0]]"
            },
            {
                "raw": "Game State: [[1, 0, 0], [0, 0, 1], [0, 1, 1]]"
            },
            {
                "raw": "Game State: [[-1, 0, -1], [0, -1, 1], [1, -1, -1]]"
            },
            {
                "raw": "Game State: [[0, 1, 0], [0, 1, 0], [1, 0, 0]]"
            },
            {
                "raw": "Game State: [[-1, 0, -1], [1, -1, 0], [1, 1, 0]]"
            },
            {
                "raw": "Game State: [[0, 1, 0], [0, 0, 0], [0, 0, 0]]"
            },
            {
                "raw": "Game State: [[1, 0, -1], [-1, 0, -1], [1, 1, 0]]"
            },
            {
                "raw": "Game State: [[1, 0, 0], [1, 0, 0], [1, 0, 0]]"
            },
            {
                "raw": "Game State: [[1, 0, 1], [0, 1, 1], [0, 0, 0]]"
            },
            {
                "raw": "Game State: [[0, 0, 0], [1, 1, 0], [0, 0, 1]]"
            },
            {
                "raw": "Game State: [[0, -1, -1], [-1, 1, 1], [-1, 1, 0]]"
            },
            {
                "raw": "Game State: [[0, 0, 1], [1, 0, 0], [0, 1, 0]]"
            },
            {
                "raw": "Game State: [[1, 0, 0], [0, 1, 1], [0, 1, 1]]"
            },
            {
                "raw": "Game State: [[0, 0, -1], [0, -1, 1], [-1, 1, 0]]"
            },
            {
                "raw": "Game State: [[0, 0, 0], [1, 1, 1], [0, 1, 1]]"
            },
            {
                "raw": "Game State: [[-1, -1, 0], [1, 0, 0], [1, 0, -1]]"
            },
            {
                "raw": "Game State: [[-1, 0, -1], [0, -1, 0], [1, 1, 0]]"
            },
            {
                "raw": "Game State: [[0, -1, 1], [-1, 1, -1], [0, -1, 0]]"
            },
            {
                "raw": "Game State: [[0, 1, 0], [0, 0, 1], [1, 0, 0]]"
            },
            {
                "raw": "Game State: [[0, 1, 0], [1, 1, 0], [-1, -1, -1]]"
            },
            {
                "raw": "Game State: [[1, 0, 0], [0, -1, 0], [1, 0, 1]]"
            },
            {
                "raw": "Game State: [[0, 0, -1], [0, -1, 1], [-1, 1, 1]]"
            },
            {
                "raw": "Game State: [[0, 0, -1], [0, 1, 1], [-1, 1, 0]]"
            },
            {
                "raw": "Game State: [[0, 0, 0], [1, 0, 1], [0, 1, 1]]"
            },
            {
                "raw": "Game State: [[1, 0, 0], [0, 1, 1], [0, 1, 1]]"
            },
            {
                "raw": "Game State: [[-1, 0, -1], [0, -1, 1], [1, -1, -1]]"
            },
            {
                "raw": "Game State: [[1, 1, 0], [0, -1, 0], [1, 0, 0]]"
            },
            {
                "raw": "Game State: [[0, 1, 0], [0, 0, 1], [1, 0, 0]]"
            },
            {
                "raw": "Game State: [[-1, 0, 0], [0, -1, 0], [0, 0, -1]]"
            },
            {
                "raw": "Game State: [[1, 1, 0], [0, 0, 0], [1, 0, 0]]"
            },
            {
                "raw": "Game State: [[1, 1, 1], [0, -1, 0], [0, 0, 0]]"
            },
            {
                "raw": "Game State: [[0, 1, 0], [0, 0, 1], [1, 0, 0]]"
            },
            {
                "raw": "Game State: [[0, 0, -1], [1, 1, 1], [0, -1, -1]]"
            },
            {
                "raw": "Game State: [[0, 0, 1], [0, -1, 0], [1, 0, 1]]"
            },
            {
                "raw": "Game State: [[0, 0, 1], [1, 1, 1], [0, -1, -1]]"
            },
            {
                "raw": "Game State: [[0, 1, 0], [0, 0, 0], [0, 0, 1]]"
            },
            {
                "raw": "Game State: [[0, 0, 1], [1, 1, 1], [0, 0, 0]]"
            },
            {
                "raw": "Game State: [[-1, 0, -1], [-1, -1, -1], [1, 1, 1]]"
            },
            {
                "raw": "Game State: [[1, 1, 0], [1, 0, 0], [0, 0, 0]]"
            },
            {
                "raw": "Game State: [[-1, 0, 0], [0, -1, 0], [0, 0, -1]]"
            },
            {
                "raw": "Game State: [[0, -1, 0], [-1, 0, 0], [0, 0, 1]]"
            },
            {
                "raw": "Game State: [[1, 0, 0], [1, 1, 1], [0, 0, 0]]"
            },
            {
                "raw": "Game State: [[0, 1, 1], [0, -1, 0], [1, 0, 0]]"
            },
            {
                "raw": "Game State: [[-1, 0, 1], [0, -1, 0], [1, 0, 1]]"
            },
            {
                "raw": "Game State: [[0, 1, 0], [1, 0, 1], [0, 0, 0]]"
            },
            {
                "raw": "Game State: [[0, 0, 0], [1, 1, 1], [0, 1, 1]]"
            },
            {
                "raw": "Game State: [[0, 0, 0], [0, -1, -1], [0, -1, -1]]"
            },
            {
                "raw": "Game State: [[0, 1, 0], [0, 1, 0], [0, 0, 0]]"
            },
            {
                "raw": "Game State: [[0, 0, 0], [1, 1, 1], [0, 1, 1]]"
            },
            {
                "raw": "Game State: [[1, 0, -1], [1, 0, -1], [0, -1, 1]]"
            },
            {
                "raw": "Game State: [[-1, 0, -1], [1, 0, 1], [0, 0, 0]]"
            },
            {
                "raw": "Game State: [[1, 1, 0], [0, 0, 1], [0, 0, 0]]"
            },
            {
                "raw": "Game State: [[0, 0, -1], [1, 1, -1], [0, -1, 1]]"
            },
            {
                "raw": "Game State: [[1, 0, 0], [1, 0, 0], [0, 0, 0]]"
            },
            {
                "raw": "Game State: [[1, 0, -1], [1, 0, -1], [-1, 0, 1]]"
            },
            {
                "raw": "Game State: [[1, 1, 0], [0, -1, 0], [0, 1, 0]]"
            },
            {
                "raw": "Game State: [[1, 1, 0], [0, -1, 0], [1, 0, 0]]"
            },
            {
                "raw": "Game State: [[-1, 1, 1], [1, 0, -1], [-1, -1, -1]]"
            },
            {
                "raw": "Game State: [[-1, -1, -1], [-1, 1, 1], [0, 0, 0]]"
            },
            {
                "raw": "Game State: [[0, 1, 0], [0, 0, 1], [1, 0, 0]]"
            },
            {
                "raw": "Game State: [[-1, 0, -1], [1, 0, 1], [-1, 0, 0]]"
            },
            {
                "raw": "Game State: [[-1, -1, 0], [1, 1, -1], [-1, -1, -1]]"
            },
            {
                "raw": "Game State: [[1, 0, -1], [0, 1, -1], [-1, -1, 0]]"
            },
            {
                "raw": "Game State: [[0, 0, 0], [0, 1, 1], [0, 1, 1]]"
            },
            {
                "raw": "Game State: [[0, 0, -1], [0, -1, 0], [-1, -1, 0]]"
            },
            {
                "raw": "Game State: [[-1, 0, -1], [1, 0, 1], [0, 1, -1]]"
            }
        ]
    }
}