{
    "perceive": {
        "tictactoe": [
            {
                "raw": "The current game state of the Tic Tac Toe board can be represented as a 3x3 matrix where empty cells are -1, X is 1, and O is 0. Based on the provided image, the matrix would be:\n\nGame State: [[-1, 1, 1], [0, 0, -1], [-1, 0, 1]]"
            },
            {
                "raw": "The current game state of the Tic Tac Toe board can be represented as a 3x3 matrix where empty cells are -1, X is 1, and O is 0. Based on the provided image, the matrix would be:\n\nGame State: [[0, 0, 0], [0, 0, 1], [1, 1, 1]]"
            },
            {
                "raw": "The current game state of the Tic Tac Toe board can be represented as a 3x3 matrix where empty cells are -1, X is 1, and O is 0. Based on the provided image, the matrix would be:\n\nGame State: [[1, 0, 0], [0, 1, 0], [0, 0, 1]]"
            },
            {
                "raw": "To represent the current game state of the Tic Tac Toe board using a 3x3 matrix, we assign values as follows:\n- Empty cells are represented by -1.\n- Cells with an 'X' are represented by 1.\n- Cells with an 'O' are represented by 0.\n\nFollowing this convention, the game state can be represented as:\nGame State: [[-1, 1, 0], [1, 0, 0], [0, 0, 1]]"
            },
            {
                "raw": "The current game state of the Tic Tac Toe board can be represented as a 3x3 matrix where empty cells are -1, X is 1, and O is 0. Based on the provided image, the matrix would be:\n\nGame State: [[-1, -1, -1], [-1, 1, 1], [-1, 0, 0]]"
            },
            {
                "raw": "The current game state of the Tic Tac Toe board can be represented as a 3x3 matrix where empty cells are -1, X is 1, and O is 0. Based on the provided image, the matrix would be:\n\nGame State: [[1, 0, 0], [0, 0, 0], [0, 1, 1]]"
            },
            {
                "raw": "The current game state of the Tic Tac Toe board can be represented as a 3x3 matrix where empty cells are -1, X is 1, and O is 0. Based on the provided image, the matrix would be:\n\nGame State: [[1, 0, 1], [1, 0, 0], [0, 0, 0]]"
            },
            {
                "raw": "The current game state of the Tic Tac Toe board can be represented as a 3x3 matrix where empty cells are -1, X is 1, and O is 0. Based on the provided image, the matrix would be:\n\nGame State: [[0, 0, 0], [0, 0, 0], [0, 1, 1]]"
            },
            {
                "raw": "The current game state of the Tic Tac Toe board can be represented as a 3x3 matrix where empty cells are -1, X is 1, and O is 0. Based on the provided image, the matrix would be:\n\nGame State: [[-1, 1, 0], [0, 0, 0], [0, 0, 1]]"
            },
            {
                "raw": "The current game state of the Tic Tac Toe board can be represented as a 3x3 matrix where empty cells are -1, X is 1, and O is 0. Based on the provided image, the matrix would be:\n\nGame State: [[1, 1, 0], [1, 1, 0], [0, 0, 0]]"
            },
            {
                "raw": "To represent the current game state of the Tic Tac Toe board using a 3x3 matrix, we assign values as follows:\n- Empty cells are represented by -1.\n- Cells with an 'X' are represented by 1.\n- Cells with an 'O' are represented by 0.\n\nFollowing this convention, the game state can be represented as:\nGame State: [[-1, 1, 0], [1, 1, 0], [0, 0, 0]]"
            },
            {
                "raw": "The current game state of the Tic Tac Toe board can be represented as a 3x3 matrix where empty cells are -1, X is 1, and O is 0. Based on the provided image, the matrix would be:\n\nGame State: [[-1, -1, -1], [-1, 0, 1], [-1, 0, 0]]"
            },
            {
                "raw": "The current game state of the Tic Tac Toe board can be represented as a 3x3 matrix where empty cells are -1, X is 1, and O is 0. Based on the provided image, the matrix would be:\n\nGame State: [[-1, -1, 1], [-1, 1, 0], [-1, 0, -1]]"
            },
            {
                "raw": "The current game state of the Tic Tac Toe board can be represented as a 3x3 matrix where empty cells are -1, X is 1, and O is 0. Based on the provided image, the matrix would be:\n\nGame State: [[-1, 1, 0], [0, 0, 1], [-1, 0, 0]]"
            },
            {
                "raw": "The current game state of the Tic Tac Toe board can be represented as a 3x3 matrix where empty cells are -1, X is 1, and O is 0. Based on the provided image, the matrix would be:\n\nGame State: [[1, 1, 1], [0, 0, 0], [0, 1, 0]]"
            },
            {
                "raw": "The current game state of the Tic Tac Toe board can be represented as a 3x3 matrix where empty cells are -1, X is 1, and O is 0. Based on the provided image, the matrix would be:\n\nGame State: [[1, 1, 1], [0, 0, 0], [0, 0, 0]]"
            },
            {
                "raw": "The current game state of the Tic Tac Toe board can be represented as a 3x3 matrix where empty cells are -1, X is 1, and O is 0. Based on the provided image, the matrix would be:\n\nGame State: [[0, 1, 0], [1, 0, 0], [0, 0, 0]]"
            },
            {
                "raw": "The current game state of the Tic Tac Toe board can be represented as a 3x3 matrix where empty cells are -1, X is 1, and O is 0. Based on the provided image, the matrix would be:\n\nGame State: [[-1, 1, 0], [1, 1, 0], [1, 1, 0]]"
            },
            {
                "raw": "To represent the current game state of the Tic Tac Toe board using a 3x3 matrix, we will replace the Xs with 1, Os with 0, and empty cells with -1. Here is the matrix representation:\n\nGame State: [[1, 0, 0], [1, 0, 0], [1, 0, 0]]"
            },
            {
                "raw": "The current game state of the Tic Tac Toe board can be represented as a 3x3 matrix where empty cells are -1, X is 1, and O is 0. Based on the provided image, the matrix would be:\n\nGame State: [[1, 0, 0], [0, 1, 0], [0, 1, 0]]"
            },
            {
                "raw": "The current game state of the Tic Tac Toe board can be represented as a 3x3 matrix where empty cells are -1, X is 1, and O is 0. Based on the provided image, the matrix would be:\n\nGame State: [[-1, 1, 0], [1, 1, 1], [0, 0, -1]]"
            },
            {
                "raw": "The current game state of the Tic Tac Toe board can be represented as a 3x3 matrix where empty cells are -1, X is 1, and O is 0. Based on the provided image, the matrix would be:\n\nGame State: [[0, 1, 0], [1, 0, 1], [0, 1, 0]]"
            },
            {
                "raw": "The current game state of the Tic Tac Toe board can be represented as a 3x3 matrix where empty cells are -1, X is 1, and O is 0. Based on the provided image, the matrix would be:\n\nGame State: [[-1, -1, 1], [-1, 0, -1], [-1, 1, -1]]"
            },
            {
                "raw": "The current game state of the Tic Tac Toe board can be represented as a 3x3 matrix where empty cells are -1, X is 1, and O is 0. Based on the provided image, the matrix would be:\n\nGame State: [[-1, 0, 0], [0, 1, 0], [1, 1, 0]]"
            },
            {
                "raw": "The current game state of the Tic Tac Toe board can be represented as a 3x3 matrix where empty cells are -1, X is 1, and O is 0. Based on the provided image, the matrix would be:\n\nGame State: [[1, 1, 0], [1, 0, 0], [0, 0, 0]]"
            },
            {
                "raw": "The current game state of the Tic Tac Toe board can be represented as a 3x3 matrix where empty cells are -1, X is 1, and O is 0. Based on the provided image, the matrix would be:\n\nGame State: [[1, 1, 1], [0, 1, 0], [0, 0, 0]]"
            },
            {
                "raw": "The current game state of the Tic Tac Toe board can be represented as a 3x3 matrix where empty cells are -1, X is 1, and O is 0. Based on the provided image, the matrix would be:\n\nGame State: [[0, 1, 0], [1, 0, 1], [0, 0, 1]]"
            },
            {
                "raw": "The current game state of the Tic Tac Toe board can be represented as a 3x3 matrix where empty cells are -1, X is 1, and O is 0. Based on the provided image, the matrix would be:\n\nGame State: [[1, 1, 0], [0, 0, 1], [1, 0, 0]]"
            },
            {
                "raw": "The current game state of the Tic Tac Toe board can be represented as a 3x3 matrix where empty cells are -1, X is 1, and O is 0. Based on the provided image, the matrix would be:\n\nGame State: [[-1, 1, 0], [0, 0, 0], [1, 0, 1]]"
            },
            {
                "raw": "The current game state of the Tic Tac Toe board can be represented as a 3x3 matrix where empty cells are -1, X is 1, and O is 0. Based on the provided image, the matrix would be:\n\nGame State: [[-1, 0, 1], [0, 0, 0], [1, 1, 1]]"
            },
            {
                "raw": "The current game state of the Tic Tac Toe board can be represented as a 3x3 matrix where empty cells are -1, X is 1, and O is 0. Based on the provided image, the matrix would be:\n\nGame State: [[1, 1, 1], [0, 0, 0], [0, 0, 1]]"
            },
            {
                "raw": "The current game state of the Tic Tac Toe board can be represented as a 3x3 matrix where empty cells are -1, X is 1, and O is 0. Based on the provided image, the matrix would be:\n\nGame State: [[1, 0, 1], [1, 0, 0], [0, 0, 0]]"
            },
            {
                "raw": "The current game state of the Tic Tac Toe board can be represented as a 3x3 matrix where empty cells are -1, X is 1, and O is 0. Based on the provided image, the matrix would be:\n\nGame State: [[-1, -1, 0], [-1, 0, 0], [1, 1, 1]]"
            },
            {
                "raw": "The current game state of the Tic Tac Toe board can be represented as a 3x3 matrix where empty cells are -1, X is 1, and O is 0. Based on the provided image, the matrix would be:\n\nGame State: [[1, 1, 1], [1, 0, 0], [0, 0, 0]]"
            },
            {
                "raw": "The current game state of the Tic Tac Toe board can be represented as a 3x3 matrix where empty cells are -1, X is 1, and O is 0. Based on the provided image, the matrix would be:\n\nGame State: [[1, 0, 0], [0, 1, 1], [0, 1, 0]]"
            },
            {
                "raw": "The current game state of the Tic Tac Toe board can be represented as a 3x3 matrix where empty cells are -1, X is 1, and O is 0. Based on the provided image, the matrix would be:\n\nGame State: [[1, 1, 0], [0, 0, 1], [0, 0, 1]]"
            },
            {
                "raw": "The current game state of the Tic Tac Toe board can be represented as a 3x3 matrix where empty cells are -1, X is 1, and O is 0. Based on the provided image, the matrix would be:\n\nGame State: [[-1, -1, 1], [-1, 0, 0], [-1, 0, 0]]"
            },
            {
                "raw": "The current game state of the Tic Tac Toe board can be represented as a 3x3 matrix where empty cells are -1, X is 1, and O is 0. Based on the provided image, the matrix would be:\n\nGame State: [[0, 1, 0], [1, 0, 0], [0, 0, 0]]"
            },
            {
                "raw": "The current game state of the Tic Tac Toe board can be represented as a 3x3 matrix where empty cells are -1, X is 1, and O is 0. Based on the provided image, the matrix would be:\n\nGame State: [[-1, -1, -1], [-1, 1, 0], [-1, 1, 0]]"
            },
            {
                "raw": "The current game state of the Tic Tac Toe board can be represented as a 3x3 matrix where empty cells are -1, X is 1, and O is 0. Based on the provided image, the matrix would be:\n\nGame State: [[0, 1, 1], [1, 1, 1], [0, 0, 0]]"
            },
            {
                "raw": "The current game state of the Tic Tac Toe board can be represented as a 3x3 matrix where empty cells are -1, X is 1, and O is 0. Based on the provided image, the matrix would be:\n\nGame State: [[1, 1, 0], [0, 0, 0], [1, 1, 0]]"
            },
            {
                "raw": "The current game state of the Tic Tac Toe board can be represented as a 3x3 matrix where empty cells are -1, X is 1, and O is 0. Based on the provided image, the matrix would be:\n\nGame State: [[1, 0, 0], [1, 0, 0], [1, 0, 0]]"
            },
            {
                "raw": "The current game state of the Tic Tac Toe board can be represented as a 3x3 matrix where empty cells are -1, X is 1, and O is 0. Based on the provided image, the matrix would be:\n\nGame State: [[1, 1, 1], [0, 0, 1], [0, 0, 0]]"
            },
            {
                "raw": "The current game state of the Tic Tac Toe board can be represented as a 3x3 matrix where empty cells are -1, X is 1, and O is 0. Based on the provided image, the matrix would be:\n\nGame State: [[1, 0, 0], [0, 0, 0], [0, 1, 0]]"
            },
            {
                "raw": "The current game state of the Tic Tac Toe board can be represented as a 3x3 matrix where empty cells are -1, X is 1, and O is 0. Based on the provided image, the matrix would be:\n\nGame State: [[1, 0, 0], [1, 1, 0], [0, 0, 1]]"
            },
            {
                "raw": "The current game state of the Tic Tac Toe board can be represented as a 3x3 matrix where empty cells are -1, X is 1, and O is 0. Based on the provided image, the matrix would be:\n\nGame State: [[1, 0, 1], [0, 0, 1], [0, 1, 0]]"
            },
            {
                "raw": "The current game state of the Tic Tac Toe board can be represented as a 3x3 matrix where empty cells are -1, X is 1, and O is 0. Based on the provided image, the matrix would be:\n\nGame State: [[1, 0, 1], [0, 0, 1], [0, 1, 1]]"
            },
            {
                "raw": "The current game state of the Tic Tac Toe board can be represented as a 3x3 matrix where empty cells are -1, X is 1, and O is 0. Based on the provided image, the matrix would be:\n\nGame State: [[0, 0, 0], [0, 0, 1], [1, 1, 0]]"
            },
            {
                "raw": "The current game state of the Tic Tac Toe board can be represented as a 3x3 matrix where empty cells are -1, X is 1, and O is 0. Based on the provided image, the matrix would be:\n\nGame State: [[0, 0, 0], [1, 1, 1], [0, 1, 0]]"
            },
            {
                "raw": "The current game state of the Tic Tac Toe board can be represented as a 3x3 matrix where empty cells are -1, X is 1, and O is 0. Based on the provided image, the matrix would be:\n\nGame State: [[1, 1, 1], [0, 0, 0], [-1, 0, 0]]"
            },
            {
                "raw": "The current game state of the Tic Tac Toe board can be represented as a 3x3 matrix where empty cells are -1, X is 1, and O is 0. Based on the provided image, the matrix would be:\n\nGame State: [[-1, -1, 1], [-1, 0, 0], [-1, 1, 0]]"
            },
            {
                "raw": "To represent the current game state of the Tic Tac Toe board using a 3x3 matrix, we assign values based on the symbols present in the cells:\n\n- Empty cells are represented by -1.\n- An 'O' symbol is represented by 0.\n- An 'X' symbol is represented by 1.\n\nFollowing this, the game state matrix is as follows:\n\nGame State: [[-1, 0, 1], [0, 1, 0], [0, 1, 0]]"
            },
            {
                "raw": "The current game state of the Tic Tac Toe board can be represented as a 3x3 matrix where empty cells are -1, X is 1, and O is 0. Based on the provided image, the matrix would be:\n\nGame State: [[1, 0, 0], [0, 0, 1], [1, 0, 0]]"
            },
            {
                "raw": "The current game state of the Tic Tac Toe board can be represented as a 3x3 matrix where empty cells are -1, X is 1, and O is 0. Based on the provided image, the matrix would be:\n\nGame State: [[0, 1, 0], [1, 1, 0], [0, 0, 0]]"
            },
            {
                "raw": "The current game state of the Tic Tac Toe board can be represented as a 3x3 matrix where empty cells are -1, X is 1, and O is 0. Based on the provided image, the matrix would be:\n\nGame State: [[1, 0, 0], [0, 0, 0], [1, 0, 1]]"
            },
            {
                "raw": "The current game state of the Tic Tac Toe board can be represented as a 3x3 matrix where empty cells are -1, X is 1, and O is 0. Based on the provided image, the matrix would be:\n\nGame State: [[0, 0, 0], [0, 0, 1], [1, 1, 1]]"
            },
            {
                "raw": "The current game state of the Tic Tac Toe board can be represented as a 3x3 matrix where empty cells are -1, X is 1, and O is 0. Based on the provided image, the matrix would be:\n\nGame State: [[1, 1, 0], [0, 0, 0], [0, 0, 0]]"
            },
            {
                "raw": "The current game state of the Tic Tac Toe board can be represented as a 3x3 matrix where empty cells are -1, X is 1, and O is 0. Based on the provided image, the matrix would be:\n\nGame State: [[0, 0, 0], [1, 0, 1], [0, 0, 1]]"
            },
            {
                "raw": "To represent the current game state of the Tic Tac Toe board using a 3x3 matrix, we assign values based on the symbols present in the cells:\n\n- Empty cells are represented by -1.\n- Cells with 'X' are represented by 1.\n- Cells with 'O' are represented by 0.\n\nFollowing this, the game state matrix is as follows:\n\nGame State: [[1, 0, 1], [0, 0, 1], [0, 0, 1]]"
            },
            {
                "raw": "The current game state of the Tic Tac Toe board can be represented as a 3x3 matrix where empty cells are -1, X is 1, and O is 0. Based on the provided image, the matrix would be:\n\nGame State: [[-1, -1, 1], [-1, 0, 0], [-1, 0, 0]]"
            },
            {
                "raw": "The current game state of the Tic Tac Toe board can be represented as a 3x3 matrix where empty cells are -1, X is 1, and O is 0. Based on the provided image, the matrix would be:\n\nGame State: [[1, 1, 0], [0, 0, 0], [1, 0, 0]]"
            },
            {
                "raw": "The current game state of the Tic Tac Toe board can be represented as a 3x3 matrix where empty cells are -1, X is 1, and O is 0. Based on the provided image, the matrix would be:\n\nGame State: [[0, 1, 0], [0, 0, 1], [1, 0, 0]]"
            },
            {
                "raw": "The current game state of the Tic Tac Toe board can be represented as a 3x3 matrix where empty cells are -1, X is 1, and O is 0. Based on the provided image, the matrix would be:\n\nGame State: [[1, 0, 0], [0, 0, 1], [0, 0, 1]]"
            },
            {
                "raw": "The current game state of the Tic Tac Toe board can be represented as a 3x3 matrix where empty cells are -1, X is 1, and O is 0. Based on the provided image, the matrix would be:\n\nGame State: [[1, 1, 0], [0, 0, 0], [-1, 0, 1]]"
            },
            {
                "raw": "The current game state of the Tic Tac Toe board can be represented as a 3x3 matrix where empty cells are -1, X is 1, and O is 0. Based on the provided image, the matrix would be:\n\nGame State: [[1, 1, 1], [0, 0, 0], [0, 0, 0]]"
            },
            {
                "raw": "The current game state of the Tic Tac Toe board can be represented as a 3x3 matrix where empty cells are -1, X is 1, and O is 0. Based on the provided image, the matrix would be:\n\nGame State: [[1, 1, 0], [0, 0, 1], [1, 0, 1]]"
            },
            {
                "raw": "The current game state of the Tic Tac Toe board can be represented as a 3x3 matrix where empty cells are -1, X is 1, and O is 0. Based on the provided image, the matrix would be:\n\nGame State: [[0, 0, 0], [1, 1, 1], [0, 0, 0]]"
            },
            {
                "raw": "The current game state of the Tic Tac Toe board can be represented as a 3x3 matrix where empty cells are -1, X is 1, and O is 0. Based on the provided image, the matrix would be:\n\nGame State: [[-1, -1, 1], [-1, 0, 0], [-1, 0, 0]]"
            },
            {
                "raw": "The current game state of the Tic Tac Toe board can be represented as a 3x3 matrix where empty cells are -1, X is 1, and O is 0. Based on the provided image, the matrix would be:\n\nGame State: [[0, 0, 1], [1, 1, 1], [0, -1, -1]]"
            },
            {
                "raw": "The current game state of the Tic Tac Toe board can be represented as a 3x3 matrix where empty cells are -1, X is 1, and O is 0. Based on the provided image, the matrix would be:\n\nGame State: [[1, 1, 1], [0, 0, 0], [0, 0, 1]]"
            },
            {
                "raw": "The current game state of the Tic Tac Toe board can be represented as a 3x3 matrix where empty cells are -1, X is 1, and O is 0. Based on the provided image, the matrix would be:\n\nGame State: [[0, 0, 1], [1, 1, 1], [0, 0, 0]]"
            },
            {
                "raw": "The current game state of the Tic Tac Toe board can be represented as a 3x3 matrix where empty cells are -1, X is 1, and O is 0. Based on the provided image, the matrix would be:\n\nGame State: [[-1, -1, -1], [-1, 0, 0], [-1, 1, 1]]"
            },
            {
                "raw": "The current game state of the Tic Tac Toe board can be represented as a 3x3 matrix where empty cells are -1, X is 1, and O is 0. Based on the provided image, the matrix would be:\n\nGame State: [[1, 1, 0], [1, 0, 0], [0, 0, 0]]"
            },
            {
                "raw": "The current game state of the Tic Tac Toe board can be represented as a 3x3 matrix where empty cells are -1, X is 1, and O is 0. Based on the provided image, the matrix would be:\n\nGame State: [[-1, -1, -1], [-1, 0, 1], [-1, 0, 1]]"
            },
            {
                "raw": "The current game state of the Tic Tac Toe board can be represented as a 3x3 matrix where empty cells are -1, X is 1, and O is 0. Based on the provided image, the matrix would be:\n\nGame State: [[1, 0, 0], [1, 1, 0], [0, 0, 1]]"
            },
            {
                "raw": "The current game state of the Tic Tac Toe board can be represented as a 3x3 matrix where empty cells are -1, X is 1, and O is 0. Based on the provided image, the matrix would be:\n\nGame State: [[1, 0, 0], [0, 0, 0], [0, 0, 0]]"
            },
            {
                "raw": "The current game state of the Tic Tac Toe board can be represented as a 3x3 matrix where empty cells are -1, X is 1, and O is 0. Based on the provided image, the matrix would be:\n\nGame State: [[0, 1, 1], [0, 0, 0], [1, 0, 0]]"
            },
            {
                "raw": "The current game state of the Tic Tac Toe board can be represented as a 3x3 matrix where empty cells are -1, X is 1, and O is 0. Based on the provided image, the matrix would be:\n\nGame State: [[-1, 0, 1], [0, 0, 0], [1, 0, 1]]"
            },
            {
                "raw": "The current game state of the Tic Tac Toe board can be represented as a 3x3 matrix where empty cells are -1, X is 1, and O is 0. Based on the provided image, the matrix would be:\n\nGame State: [[0, 1, 0], [1, 0, 1], [0, 0, 0]]"
            },
            {
                "raw": "The current game state of the Tic Tac Toe board can be represented as a 3x3 matrix where empty cells are -1, X is 1, and O is 0. Based on the provided image, the matrix would be:\n\nGame State: [[-1, 0, 0], [1, 1, 0], [0, 0, 1]]"
            },
            {
                "raw": "The current game state of the Tic Tac Toe board can be represented as a 3x3 matrix where empty cells are -1, X is 1, and O is 0. Based on the provided image, the matrix would be:\n\nGame State: [[0, 1, 0], [0, 0, 1], [0, 0, 1]]"
            },
            {
                "raw": "The current game state of the Tic Tac Toe board can be represented as a 3x3 matrix where empty cells are -1, X is 1, and O is 0. Based on the provided image, the matrix would be:\n\nGame State: [[1, 1, 0], [0, 1, 1], [0, 0, 0]]"
            },
            {
                "raw": "The current game state of the Tic Tac Toe board can be represented as a 3x3 matrix where empty cells are -1, X is 1, and O is 0. Based on the provided image, the matrix would be:\n\nGame State: [[0, 0, 0], [0, 1, 0], [0, 0, 1]]"
            },
            {
                "raw": "The current game state of the Tic Tac Toe board can be represented as a 3x3 matrix where empty cells are -1, X is 1, and O is 0. Based on the provided image, the matrix would be:\n\nGame State: [[1, 1, 0], [0, 1, 0], [0, 0, 1]]"
            },
            {
                "raw": "The current game state of the Tic Tac Toe board can be represented as a 3x3 matrix where empty cells are -1, X is 1, and O is 0. Based on the provided image, the matrix would be:\n\nGame State: [[-1, 1, 0], [1, 0, 1], [0, 0, 0]]"
            },
            {
                "raw": "The current game state of the Tic Tac Toe board can be represented as a 3x3 matrix where empty cells are -1, X is 1, and O is 0. Based on the provided image, the matrix would be:\n\nGame State: [[1, 1, 0], [0, 0, 1], [0, 0, 0]]"
            },
            {
                "raw": "The current game state of the Tic Tac Toe board can be represented as a 3x3 matrix where empty cells are -1, X is 1, and O is 0. Based on the provided image, the matrix would be:\n\nGame State: [[0, 0, 0], [1, 1, 1], [0, 1, 0]]"
            },
            {
                "raw": "The current game state of the Tic Tac Toe board can be represented as a 3x3 matrix where empty cells are -1, X is 1, and O is 0. Based on the provided image, the matrix would be:\n\nGame State: [[1, 0, 0], [1, 0, 0], [1, 1, 0]]"
            },
            {
                "raw": "The current game state of the Tic Tac Toe board can be represented as a 3x3 matrix where empty cells are -1, X is 1, and O is 0. Based on the provided image, the matrix would be:\n\nGame State: [[1, 0, 1], [1, 0, 0], [0, 0, 1]]"
            },
            {
                "raw": "The current game state of the Tic Tac Toe board can be represented as a 3x3 matrix where empty cells are -1, X is 1, and O is 0. Based on the provided image, the matrix would be:\n\nGame State: [[1, 1, -1], [-1, 0, 0], [0, 1, 0]]"
            },
            {
                "raw": "The current game state of the Tic Tac Toe board can be represented as a 3x3 matrix where empty cells are -1, X is 1, and O is 0. Based on the provided image, the matrix would be:\n\nGame State: [[1, 1, 0], [0, 0, 0], [1, 0, 0]]"
            },
            {
                "raw": "The current game state of the Tic Tac Toe board can be represented as a 3x3 matrix where empty cells are -1, X is 1, and O is 0. Based on the provided image, the matrix would be:\n\nGame State: [[1, 1, 1], [1, 0, 0], [0, 0, 0]]"
            },
            {
                "raw": "The current game state of the Tic Tac Toe board can be represented as a 3x3 matrix where empty cells are -1, X is 1, and O is 0. Based on the provided image, the matrix would be:\n\nGame State: [[1, 1, 1], [0, 1, 0], [0, 0, 0]]"
            },
            {
                "raw": "The current game state of the Tic Tac Toe board can be represented as a 3x3 matrix where empty cells are -1, X is 1, and O is 0. Based on the provided image, the matrix would be:\n\nGame State: [[-1, 1, 0], [-1, 0, 1], [1, 0, -1]]"
            },
            {
                "raw": "The current game state of the Tic Tac Toe board can be represented as a 3x3 matrix where empty cells are -1, X is 1, and O is 0. Based on the provided image, the matrix would be:\n\nGame State: [[-1, -1, 1], [-1, 0, 1], [-1, 0, 0]]"
            },
            {
                "raw": "The current game state of the Tic Tac Toe board can be represented as a 3x3 matrix where empty cells are -1, X is 1, and O is 0. Based on the provided image, the matrix would be:\n\nGame State: [[-1, -1, -1], [-1, 1, 0], [-1, 0, 0]]"
            },
            {
                "raw": "The current game state of the Tic Tac Toe board can be represented as a 3x3 matrix where empty cells are -1, X is 1, and O is 0. Based on the provided image, the matrix would be:\n\nGame State: [[1, 1, 0], [0, 1, 0], [1, 0, 0]]"
            },
            {
                "raw": "The current game state of the Tic Tac Toe board can be represented as a 3x3 matrix where empty cells are -1, X is 1, and O is 0. Based on the provided image, the matrix would be:\n\nGame State: [[0, 0, 0], [0, 0, 0], [1, 1, 1]]"
            },
            {
                "raw": "The current game state of the Tic Tac Toe board can be represented as a 3x3 matrix where empty cells are -1, X is 1, and O is 0. Based on the provided image, the matrix would be:\n\nGame State: [[0, 1, 0], [0, 1, 0], [1, 0, 0]]"
            },
            {
                "raw": "The current game state of the Tic Tac Toe board can be represented as a 3x3 matrix where empty cells are -1, X is 1, and O is 0. Based on the provided image, the matrix would be:\n\nGame State: [[-1, -1, -1], [-1, 0, 1], [-1, 0, -1]]"
            }
        ]
    }
}