{"task": "perceive", "game": "tictactoe", "annotations": [{"file": "0000000.jpg", "gt": [[-1, 1, 1], [0, 0, -1], [-1, 0, 1]]}, {"file": "0000001.jpg", "gt": [[0, 0, -1], [-1, 0, 1], [-1, 1, 1]]}, {"file": "0000002.jpg", "gt": [[-1, 1, 0], [0, 1, -1], [0, -1, 1]]}, {"file": "0000003.jpg", "gt": [[1, 0, 0], [-1, 1, -1], [0, -1, 1]]}, {"file": "0000004.jpg", "gt": [[-1, -1, -1], [0, 1, 1], [1, 0, 0]]}, {"file": "0000005.jpg", "gt": [[-1, 1, 0], [1, -1, 0], [0, -1, 1]]}, {"file": "0000006.jpg", "gt": [[1, 0, 1], [1, 0, -1], [0, -1, -1]]}, {"file": "0000007.jpg", "gt": [[0, 0, -1], [1, -1, -1], [0, 1, 1]]}, {"file": "0000008.jpg", "gt": [[-1, 1, -1], [0, 1, 0], [0, 1, -1]]}, {"file": "0000009.jpg", "gt": [[1, -1, -1], [1, 1, 0], [-1, 0, 0]]}, {"file": "0000010.jpg", "gt": [[1, 0, -1], [1, 1, 0], [0, -1, -1]]}, {"file": "0000011.jpg", "gt": [[-1, -1, 1], [0, -1, 1], [0, 1, 0]]}, {"file": "0000012.jpg", "gt": [[0, 0, 1], [1, -1, -1], [1, 0, -1]]}, {"file": "0000013.jpg", "gt": [[-1, 1, -1], [0, 0, 1], [1, -1, 0]]}, {"file": "0000014.jpg", "gt": [[-1, 1, 1], [-1, 0, -1], [0, 1, 0]]}, {"file": "0000015.jpg", "gt": [[1, 1, 1], [0, 0, -1], [-1, 0, -1]]}, {"file": "0000016.jpg", "gt": [[0, -1, 1], [1, -1, 0], [1, 0, -1]]}, {"file": "0000017.jpg", "gt": [[-1, 0, -1], [-1, 1, 0], [1, 1, 0]]}, {"file": "0000018.jpg", "gt": [[1, 0, -1], [-1, 1, 0], [-1, 1, 0]]}, {"file": "0000019.jpg", "gt": [[-1, 0, -1], [0, 1, -1], [1, 1, 0]]}, {"file": "0000020.jpg", "gt": [[-1, 0, 0], [1, 1, 1], [-1, -1, 0]]}, {"file": "0000021.jpg", "gt": [[0, -1, 1], [-1, 1, -1], [0, 1, 0]]}, {"file": "0000022.jpg", "gt": [[0, 0, 1], [-1, 1, 0], [-1, -1, 1]]}, {"file": "0000023.jpg", "gt": [[-1, 0, -1], [0, 1, 0], [1, 1, -1]]}, {"file": "0000024.jpg", "gt": [[1, 1, -1], [1, -1, 0], [-1, 0, 0]]}, {"file": "0000025.jpg", "gt": [[0, 1, 1], [1, -1, 0], [0, -1, -1]]}, {"file": "0000026.jpg", "gt": [[0, 1, 0], [1, 0, 1], [-1, -1, -1]]}, {"file": "0000027.jpg", "gt": [[-1, 1, -1], [0, -1, 1], [1, 0, 0]]}, {"file": "0000028.jpg", "gt": [[0, 1, -1], [-1, 0, -1], [1, 0, 1]]}, {"file": "0000029.jpg", "gt": [[-1, 0, 1], [-1, 0, 0], [1, 1, -1]]}, {"file": "0000030.jpg", "gt": [[0, 1, 1], [-1, 0, -1], [0, -1, 1]]}, {"file": "0000031.jpg", "gt": [[1, 0, 1], [1, -1, -1], [0, 0, -1]]}, {"file": "0000032.jpg", "gt": [[0, 0, 0], [1, -1, 1], [-1, -1, 1]]}, {"file": "0000033.jpg", "gt": [[1, -1, 1], [-1, 1, 0], [0, -1, 0]]}, {"file": "0000034.jpg", "gt": [[0, -1, -1], [0, 1, 1], [-1, 1, 0]]}, {"file": "0000035.jpg", "gt": [[1, -1, -1], [0, 0, 1], [-1, 0, 1]]}, {"file": "0000036.jpg", "gt": [[-1, -1, 1], [0, 1, -1], [1, 0, 0]]}, {"file": "0000037.jpg", "gt": [[0, 1, 0], [-1, 1, -1], [1, -1, 0]]}, {"file": "0000038.jpg", "gt": [[-1, -1, 0], [-1, 1, 0], [1, 1, 0]]}, {"file": "0000039.jpg", "gt": [[-1, 0, 1], [-1, 1, 1], [-1, 0, 0]]}, {"file": "0000040.jpg", "gt": [[1, -1, 0], [-1, 0, -1], [1, 1, 0]]}, {"file": "0000041.jpg", "gt": [[1, -1, -1], [1, 0, 0], [-1, 1, 0]]}, {"file": "0000042.jpg", "gt": [[1, -1, 1], [-1, 0, 1], [0, -1, 0]]}, {"file": "0000043.jpg", "gt": [[1, -1, -1], [0, 1, 0], [0, 1, -1]]}, {"file": "0000044.jpg", "gt": [[0, -1, -1], [1, 1, 0], [0, 1, -1]]}, {"file": "0000045.jpg", "gt": [[0, -1, 1], [1, 0, -1], [0, 1, -1]]}, {"file": "0000046.jpg", "gt": [[1, -1, 0], [0, -1, 1], [0, -1, 1]]}, {"file": "0000047.jpg", "gt": [[0, -1, -1], [-1, 0, 1], [1, 1, 0]]}, {"file": "0000048.jpg", "gt": [[0, -1, 0], [-1, 1, 1], [0, -1, 1]]}, {"file": "0000049.jpg", "gt": [[-1, 1, 1], [-1, 0, 0], [1, -1, 0]]}, {"file": "0000050.jpg", "gt": [[-1, -1, 1], [0, -1, 0], [1, 1, 0]]}, {"file": "0000051.jpg", "gt": [[0, -1, 1], [-1, 1, -1], [0, 1, 0]]}, {"file": "0000052.jpg", "gt": [[-1, 1, 0], [0, -1, 1], [1, 0, -1]]}, {"file": "0000053.jpg", "gt": [[0, 1, 0], [1, 1, 0], [-1, -1, -1]]}, {"file": "0000054.jpg", "gt": [[1, -1, 0], [-1, -1, 0], [1, 0, 1]]}, {"file": "0000055.jpg", "gt": [[0, -1, 0], [0, -1, 1], [-1, 1, 1]]}, {"file": "0000056.jpg", "gt": [[0, -1, 1], [0, 1, 1], [-1, -1, 0]]}, {"file": "0000057.jpg", "gt": [[0, -1, -1], [1, 0, 1], [0, -1, 1]]}, {"file": "0000058.jpg", "gt": [[1, 0, -1], [-1, 0, 1], [0, -1, 1]]}, {"file": "0000059.jpg", "gt": [[-1, -1, 1], [0, 1, -1], [1, 0, 0]]}, {"file": "0000060.jpg", "gt": [[1, 1, -1], [-1, 0, -1], [1, 0, 0]]}, {"file": "0000061.jpg", "gt": [[0, 1, -1], [0, 0, 1], [1, -1, -1]]}, {"file": "0000062.jpg", "gt": [[-1, 1, 0], [-1, -1, 1], [0, 0, 1]]}, {"file": "0000063.jpg", "gt": [[1, 1, -1], [0, 0, 0], [-1, 1, -1]]}, {"file": "0000064.jpg", "gt": [[1, 1, 1], [-1, -1, 0], [0, -1, 0]]}, {"file": "0000065.jpg", "gt": [[0, 1, 0], [-1, 0, 1], [-1, 1, -1]]}, {"file": "0000066.jpg", "gt": [[-1, 0, 0], [1, 1, 1], [0, -1, -1]]}, {"file": "0000067.jpg", "gt": [[0, 0, 1], [0, -1, -1], [1, -1, 1]]}, {"file": "0000068.jpg", "gt": [[0, 0, 1], [1, -1, 1], [0, -1, -1]]}, {"file": "0000069.jpg", "gt": [[-1, 1, 1], [0, -1, -1], [0, 0, 1]]}, {"file": "0000070.jpg", "gt": [[0, 0, 1], [-1, 1, 1], [0, -1, -1]]}, {"file": "0000071.jpg", "gt": [[-1, -1, 0], [1, 0, 0], [1, -1, 1]]}, {"file": "0000072.jpg", "gt": [[1, 1, 0], [1, 0, -1], [0, -1, -1]]}, {"file": "0000073.jpg", "gt": [[-1, -1, 1], [0, -1, 0], [0, 1, 1]]}, {"file": "0000074.jpg", "gt": [[0, -1, -1], [1, 1, 0], [0, -1, 1]]}, {"file": "0000075.jpg", "gt": [[1, 0, 0], [-1, 1, 1], [-1, 0, -1]]}, {"file": "0000076.jpg", "gt": [[0, 1, 1], [-1, 0, -1], [1, 0, -1]]}, {"file": "0000077.jpg", "gt": [[-1, 0, 1], [0, -1, -1], [1, 0, 1]]}, {"file": "0000078.jpg", "gt": [[0, 1, -1], [1, -1, 1], [0, -1, 0]]}, {"file": "0000079.jpg", "gt": [[-1, 0, 0], [1, 1, -1], [-1, 0, 1]]}, {"file": "0000080.jpg", "gt": [[0, -1, 1], [-1, 0, 1], [0, -1, 1]]}, {"file": "0000081.jpg", "gt": [[0, 1, -1], [1, -1, 1], [0, 0, -1]]}, {"file": "0000082.jpg", "gt": [[-1, 0, 0], [-1, 1, -1], [0, 1, 1]]}, {"file": "0000083.jpg", "gt": [[1, -1, 0], [-1, 1, 0], [0, -1, 1]]}, {"file": "0000084.jpg", "gt": [[-1, 1, -1], [1, 0, 1], [0, 0, -1]]}, {"file": "0000085.jpg", "gt": [[1, 1, -1], [0, 0, 1], [-1, 0, -1]]}, {"file": "0000086.jpg", "gt": [[0, 0, -1], [1, 1, -1], [0, 1, -1]]}, {"file": "0000087.jpg", "gt": [[1, 0, -1], [1, 0, 0], [-1, 1, -1]]}, {"file": "0000088.jpg", "gt": [[1, -1, 0], [1, 0, -1], [-1, 0, 1]]}, {"file": "0000089.jpg", "gt": [[1, 1, -1], [0, -1, -1], [0, 1, 0]]}, {"file": "0000090.jpg", "gt": [[1, 1, -1], [-1, -1, 0], [1, 0, 0]]}, {"file": "0000091.jpg", "gt": [[-1, 1, 1], [1, 0, -1], [0, -1, 0]]}, {"file": "0000092.jpg", "gt": [[-1, 1, 1], [0, 1, -1], [-1, 0, 0]]}, {"file": "0000093.jpg", "gt": [[0, 1, 0], [-1, -1, 1], [1, -1, 0]]}, {"file": "0000094.jpg", "gt": [[-1, -1, 1], [1, 0, 1], [-1, 0, 0]]}, {"file": "0000095.jpg", "gt": [[-1, -1, 1], [1, 1, 0], [0, -1, 0]]}, {"file": "0000096.jpg", "gt": [[1, -1, 0], [0, 1, -1], [-1, 1, 0]]}, {"file": "0000097.jpg", "gt": [[0, 0, 0], [-1, -1, 1], [-1, 1, 1]]}, {"file": "0000098.jpg", "gt": [[0, -1, 1], [0, 1, 0], [-1, 1, -1]]}, {"file": "0000099.jpg", "gt": [[-1, -1, 0], [1, 0, 1], [0, -1, 1]]}]}